-- *****************************************************************************
--  gvGeoportal is sponsored by the General Directorate for Information
--  Technologies (DGTI) of the Regional Ministry of Finance and Public
--  Administration of the Generalitat Valenciana (Valencian Community,
--  Spain), managed by gvSIG Association and led by DISID Corporation.
--
--  Copyright (C) 2016 DGTI - Generalitat Valenciana
--
--  This program is free software: you can redistribute it and/or modify
--  it under the terms of the GNU Affero General Public License as
--  published by the Free Software Foundation, either version 3 of the
--  License, or (at your option) any later version.
--
--  This program is distributed in the hope that it will be useful,
--  but WITHOUT ANY WARRANTY; without even the implied warranty of
--  MERCHANTABILITY or FITNESS FOR A PARTICULAR PURPOSE.  See the
--  GNU Affero General Public License for more details.
--
--  You should have received a copy of the GNU Affero General Public License
--  along with this program.  If not, see <http://www.gnu.org/licenses/>.
-- *****************************************************************************

-- Lock Database
UPDATE owgvgeoportal.databasechangeloglock SET LOCKED = TRUE, LOCKEDBY = '172.31.18.150 (172.31.18.150)', LOCKGRANTED = '2016-01-27 09:12:09.965' WHERE ID = 1 AND LOCKED = FALSE;

-- Changeset db.changelog-v000-terrasit-data.xml::terrasit-agrupador-capa-v000::omorro
INSERT INTO owgvgeoportal.agrupador_capa (id, nombre, descripcion, version) VALUES ('1', 'Institut Cartográfic Valencià', 'Agrupación de capas del Instituto Cartográfico Valenciano.', '0'),('2', 'Ortofoto - Institut Cartográfic Valencià', 'Agrupación de capas de ortofotos del Instituto Cartográfico Valenciano.', '0'),('3', 'Consellería d''Habitatge, Obres Públiques i Vertebració del Territori ', 'Agrupación de capas de la Conselleria  d''Habitatge, Obres Públiques i Vertebració del Territori', '0'),('4', 'Dirección General de Catastro', 'Agrupación de capas de la Dirección General de Catastro.', '0'),('5', 'Instalaciones Entitat de Sanejament d''Aigües(EPSAR)', 'Agrupación de capas de Instalaciones Entitat de Sanejament d''aigües (EPSAR).', '0'),('6', 'Conselleria d''Educació, Investigació, Cultura i Esport ', 'Agrupación de capas de Conselleria d''Educació, Investigació, Cultura i Esport ', '0'),('7', 'Conselleria de Sanitat Universal i Salut Pública', 'Agrupación de capas de la Conselleria de Sanitat.', '0'),('8', 'CEGESEV Vías de comunicación de la Comunidad Valenciana', 'Agrupación de capas del CEGESEV Vías de Comunicación de la Comunidad Valenciana.', '0'),('9', 'Confederación Hidrográfica del Júcar', 'Agrupación de capas de la Confederación Hidrográfica del Júcar.', '0'),('10', 'Ministerio de Agricultura, Alimentación y Medio Ambiente', 'Agrupación de capas del Ministerio de Agricultura, Alimentación y Medio Ambiente', '0'),('11', 'Fondo Español de Garantía Agraria (FEGA)', 'Agrupación de capas del Fondo Español de Garantía Agraria (FEGA).', '0'),('12', 'Instituto Geológico y Minero de España', 'Agrupación de capas del Instituto Geológico y Minero de España.', '0'),('13', 'Imágenes históricas ICV', 'Agrupación de capas temáticas de imágenes históricas ICV', '0'),('14', 'CITMA: Infraestructura Verde', 'Agrupación de capas temáticas de CITMA: Infraestructura Verde', '0'),('15', 'Ocupación del Suelo - Siose', 'Agrupación de capas temáticas de Ocupación del Suelo - Siose', '0'),('16', 'Medio Ambiente', 'Agrupación de medio ambiente', '0'),('17', 'Ortofoto', 'Vista predefinida Ortofoto', '0'),('18', 'sombras', 'vista predefinida Sombras', '0'),('19', 'topográfico', 'Vista predefinida Topográfico', '0');

INSERT INTO owgvgeoportal.databasechangelog (ID, AUTHOR, FILENAME, DATEEXECUTED, ORDEREXECUTED, MD5SUM, DESCRIPTION, COMMENTS, EXECTYPE, CONTEXTS, LABELS, LIQUIBASE) VALUES ('terrasit-agrupador-capa-v000', 'omorro', 'db.changelog-v000-terrasit-data.xml', NOW(), 44, '7:7baa839edace78a1ff5234235055f29e', 'loadData', '', 'EXECUTED', NULL, NULL, '3.4.0');

-- Changeset db.changelog-v000-terrasit-data.xml::terrasit-servicio-web-v000::omorro
INSERT INTO owgvgeoportal.servicio_web (id, nombre, descripcion, url, tipo, version_protocolo, formato_imagen, tile_matrix_set, version) VALUES ('1', 'Mapa de sombras', 'Mapa de sombras', 'http://terramapas.icv.gva.es/isohipsas/?', 'WMS', '1.1.1', 'image/png', '', '0'),('2', 'SIOSE 2011 CV', 'SIOSE 2011 Comunidad Valenciana', 'http://terramapas.icv.gva.es/siose_etrs89h30_2011', 'WMS', '1.3.0', 'image/png', '', '0'),('3', 'SIOSE 2009 CV', 'SIOSE 2009 Comunidad Valenciana', 'http://terramapas.icv.gva.es/siose_etrs89h30_2009', 'WMS', '1.3.0', 'image/png', '', '0'),('4', 'SIOSE 2005 CV rev.', 'SIOSE 2005 Comunidad Valenciana Revisado', 'http://terramapas.icv.gva.es/siose_etrs89h30_2005corregido', 'WMS', '1.3.0', 'image/png', '', '0'),('5', 'Toponimia', 'Toponimia', 'http://terramapas.icv.gva.es/toponimia_base', 'WMS', '1.3.0', 'image/png', '', '0'),('6', 'Mapa Topografico base', 'Mapa Topografico base', 'http://terramapas.icv.gva.es/topografico/?', 'WMS', '1.1.1', 'image/png', '', '0'),('7', 'Puntos de interés de la CV', 'Puntos de interés de la Comunidad Valenciana', 'http://terramapas.icv.gva.es/modernizacion', 'WMS', '1.3.0', 'image/png', '', '0'),('8', 'Centros Asistencia Conselleria Bienestar Social', 'Centros Asistencia Conselleria Bienestar Social', 'http://terramapas.icv.gva.es/serv_bs', 'WMS', '1.3.0', 'image/png', '', '0'),('9', 'CartoCiudad ICV', 'Callejeros ICV', 'http://terramapas.icv.gva.es/cciudad', 'WMS', '1.3.0', 'image/png', '', '0'),('10', 'Plan Confianza', 'Plan Confianza', 'http://terramapas.icv.gva.es/confianza', 'WMS', '1.3.0', 'image/png', '', '0'),('11', 'Red de estaciones permanente GNSS', 'Red de estaciones permanente GNSS', 'http://terramapas.icv.gva.es/wmsgnss', 'WMS', '1.3.0', 'image/png', '', '0'),('12', 'Red de 4º orden', 'Red de 4º orden', 'http://terramapas.icv.gva.es/wmsredgeod', 'WMS', '1.3.0', 'image/png', '', '0'),('13', 'Cuadrículas geográficas', 'Cuadrículas geográficas', 'http://terramapas.icv.gva.es/cgi-bin/mapserv.fcgi?map=/var/www/portal/map/cuadriculas/cuadriculas.map', 'WMS', '1.3.0', 'image/png', '', '0'),('14', 'Unidades administrativas', 'Unidades administrativas de España', 'http://www.ign.es/wms-inspire/unidades-administrativas', 'WMS', '1.3.0', 'image/png', '', '0'),('15', 'Lidar Mapa d''ombres 5m Comunitat Valenciana', 'Lidar Mapa d''ombres 5m Comunitat Valenciana', 'http://carto.icv.gva.es/WMS_CV/WMSLiDAR', 'WMS', '1.1.1', 'image/png', '', '0'),('16', 'Lidar Mapa d''ombres 1m amb edificis Comunitat Valenciana', 'Lidar Mapa d''ombres 1m amb edificis Comunitat Valenciana', 'http://lidar.icv.gva.es/WMS_EDIFICIOS_CV/WMSLiDAR', 'WMS', '1.1.1', 'image/png', '', '0'),('17', 'Lidar Mapa d''ombres 1m Comunitat Valenciana', 'Lidar Mapa d''ombres 1m Comunitat Valenciana', 'http://lidar.icv.gva.es/WMS_MDT1m_CV/WMSLiDAR', 'WMS', '1.1.1', 'image/png', '', '0'),('18', 'Lidar: núvol de punts Comunitat Valenciana', 'Lidar: núvol de punts Comunitat Valenciana', 'http://lidar.icv.gva.es/LIDARWMSServer_CV/WMSLiDAR', 'WMS', '1.1.1', 'image/png', '', '0'),('19', 'Ortofoto de 1996 de la mitad norte de la provincia de Castellón en RGB', ' Ortofoto de 1996 de la mitad norte de la provincia de Castellón en RGB.', 'http://terramapas1.icv.gva.es/odcv05_etrs89h30_1996', 'WMS', '1.3.0', 'image/png', '', '0'),('20', 'Ortofoto de 1997 de una franja al sur de provincia de Castellón en RGB', ' Ortofoto de 1997 de una franja al sur de provincia de Castellón en RGB.', 'http://terramapas1.icv.gva.es/odcv05_etrs89h30_1997', 'WMS', '1.3.0', 'image/png', '', '0'),('21', 'Ortofoto de 2000 de la mitad este de la provincia de Valencia. Sur provincia de Castellón y noreste provincia de Alicante en RGB', ' Ortofoto de 2000 de la mitad este de la provincia de Valencia. Sur provincia de Castellón y noreste provincia de Alicante en RGB', 'http://terramapas1.icv.gva.es/odcv05_etrs89h30_2000', 'WMS', '1.3.0', 'image/png', '', '0'),('22', 'Ortofoto de 2002 de la mitad oeste de las provincias de Valencia y Alicante en RGB.', 'Ortofoto de 2002 de la mitad oeste de las provincias de Valencia y Alicante en RGB.', 'http://terramapas1.icv.gva.es/odcv05_etrs89h30_2002', 'WMS', '1.3.0', 'image/png', '', '0'),('23', 'Ortofoto de 2003 de la provincia de Castellon en RGB.', 'Ortofoto de 2003 de la provincia de Castellon en RGB.', 'http://terramapas1.icv.gva.es/odcv05_etrs89h30_2003', 'WMS', '1.3.0', 'image/png', '', '0'),('24', 'Ortofoto de 2004 de la provincia de Valencia en RGB.', 'Ortofoto de 2004 de la provincia de Valencia en RGB.', 'http://terramapas1.icv.gva.es/odcv05_etrs89h30_2004', 'WMS', '1.3.0', 'image/png', '', '0'),('25', 'Ortofoto de 2005 de la provincia de Castellón en RGBI y provincia Alicante RGB', 'Ortofoto de 2005 de la provincia de Castellón en RGBI y provincia Alicante RGB', 'http://terramapas1.icv.gva.es/odcv10_etrs89h30_2005', 'WMS', '1.3.0', 'image/png', '', '0'),('26', 'Ortofoto de 2006 de la provincia de valencia en RGBI.', 'Ortofoto de 2006 de la provincia de valencia en RGBI.', 'http://terramapas1.icv.gva.es/odcv10_etrs89h30_2006', 'WMS', '1.3.0', 'image/png', '', '0'),('27', 'Ortofoto de 2007 de las provincias de Castellón y Alicante en RGBI.', 'Ortofoto de 2007 de las provincias de Castellón y Alicante en RGBI.', 'http://terramapas1.icv.gva.es/odcv10_etrs89h30_2007', 'WMS', '1.3.0', 'image/png', '', '0'),('28', 'Ortofoto de 2008 de la provincia de Valencia en RGBI.', 'Ortofoto de 2008 de la provincia de Valencia en RGBI.', 'http://terramapas1.icv.gva.es/odcv10_etrs89h30_2008', 'WMS', '1.3.0', 'image/png', '', '0'),('29', 'Ortofoto de 2009 de la provincia de castellón en RGBI y provincia alicante RGB.', 'Ortofoto de 2009 de la provincia de castellón en RGBI y provincia alicante RGB.', 'http://terramapas1.icv.gva.es/odcv05_etrs89h30_2009', 'WMS', '1.3.0', 'image/png', '', '0'),('30', 'Ortofoto de 2010 de la provincia de Valencia en RGB.', 'Ortofoto de 2010 de la provincia de Valencia en RGB', 'http://terramapas1.icv.gva.es/odcv05_etrs89h30_2010', 'WMS', '1.3.0', 'image/png', '', '0'),('31', 'Ortofoto de 2012 de la Comunitat Valenciana en RGB.', 'Ortofoto de 2012 de la Comunitat Valenciana en RGB', 'http://terramapas1.icv.gva.es/odcv05_etrs89h30_2012', 'WMS', '1.3.0', 'image/png', '', '0'),('32', 'Playas', 'Playas', 'http://cartoweb.cma.gva.es/arcgis/services/playas/MapServer/WMSServer', 'WMS', '1.3.0', 'image/png', '', '0'),('33', 'Planeamiento Urbanístico', 'Planeamiento Urbanístico', 'http://cartoweb.cma.gva.es/arcgis/services/planeamiento_vigente/MapServer/WMSServer', 'WMS', '1.3.0', 'image/png', '', '0'),('34', 'Plan de Acción Territorial Forestal de la Comunitat Valenciana (PATFOR)', 'Plan de acción Territorial Forestal de la Comunidad Valenciana (PATFOR)', 'http://cartoweb.cma.gva.es/arcgis/services/patfor/MapServer/WMSServer', 'WMS', '1.3.0', 'image/png', '', '0'),('35', 'Forestal (La cartografía solo tiene carácter informativo y no es vinculante)', 'Forestal (La cartografía solo tiene carácter informativo y no es vinculante)', 'http://cartoweb.cma.gva.es/arcgis/services/forestal/MapServer/WMSServer', 'WMS', '1.3.0', 'image/png', '', '0'),('36', 'Espacios Naturales Protegidos', 'Espacios Naturales Protegidos', 'http://cartoweb.cma.gva.es/arcgis/services/espacios_protegidos/MapServer/WMSServer', 'WMS', '1.3.0', 'image/png', '', '0'),('37', 'Biodiversidad', 'Biodiversidad', 'http://cartoweb.cma.gva.es/arcgis/services/biodiversidad/MapServer/WMSServer', 'WMS', '1.3.0', 'image/png', '', '0'),('38', 'Ordenación Territorial', 'Ordenación Territorial', 'http://cartoweb.cma.gva.es/arcgis/services/ordenacion_territorial/MapServer/WMSServer', 'WMS', '1.3.0', 'image/png', '', '0'),('39', 'Calidad Ambiental', 'Calidad Ambiental', 'http://cartoweb.cma.gva.es/arcgis/services/calidad_ambiental/MapServer/WMSServer', 'WMS', '1.3.0', 'image/png', '', '0'),('40', 'CITMA: Cartografía temática del territorio de la Comunitat Valenciana', 'CITMA: Cartografía temática del territorio de la Comunitat Valenciana', 'http://cartoweb.cma.gva.es/arcgis/services/cartografia_tematica/MapServer/WMSServer', 'WMS', '1.3.0', 'image/png', '', '0'),('41', 'Residuos', 'Residuos', 'http://cartoweb.cma.gva.es/arcgis/services/residuos/MapServer/WMSServer', 'WMS', '1.3.0', 'image/png', '', '0'),('42', 'Caza y Pesca', 'Caza y Pesca', 'http://cartoweb.cma.gva.es/arcgis/services/cazaypesca/MapServer/WMSServer', 'WMS', '1.3.0', 'image/png', '', '0'),('43', 'WMS del IVE (Instituto Valenciano de la Edificación)', 'WMS de IVE (Instituto Valenciano de la Edificación)', 'http://www.five.es/wms_ive', 'WMS', '1.3.0', 'image/png', '', '0'),('44', 'Atlas Climático de la Comunitat Valenciana', 'Atlas Climático de la Comunitat Valenciana', 'http://cartoweb.cma.gva.es/arcgis/services/atlas_climatico_cv/MapServer/WMSServer?', 'WMS', '1.3.0', 'image/png', '', '0'),('45', 'DICS', 'DICS', 'http://terramapas.icv.gva.es/cgi-bin/mapserv6.fcgi?map=/var/www/portal/map/dics/dics.map', 'WMS', '1.3.0', 'image/png', '', '0'),('46', 'Catastro', 'Catastro', 'http://ovc.catastro.meh.es/Cartografia/WMS/ServidorWMS.aspx', 'WMS', '1.1.1', 'image/png', '', '0'),('47', 'Entitat d''Sanejament d''aigües: Instalaciones EPSAR', 'Entitat d''Sanejament d''aigües: Instalaciones EPSAR', 'http://terrasit.epsar.gva.es/wms/instalaciones', 'WMS', '1.3.0', 'image/png', '', '0'),('48', 'Centres educatius', 'Centres educatius', 'http://terramapes.edu.gva.es/edugva', 'WMS', '1.3.0', 'image/png', '', '0'),('49', 'Registre de centres sanitaris', 'Registre de centres sanitaris', 'http://terramapas.icv.gva.es/sanitario', 'WMS', '1.3.0', 'image/png', '', '0'),('50', 'CEGESEV Vías de comunicación de la Comunidad Valenciana. Conselleria de Infraestructuras Territorio y Medio Ambiente', 'CEGESEV Vías de comunicación de la Comunidad Valenciana. Conselleria de Infraestructuras Territorio y Medio Ambiente', 'http://terramapas.cegesev.gva.es/cgi-bin/mapserv?map=/ms4w/Apache/map/cegesev.map', 'WMS', '1.3.0', 'image/png', '', '0');
INSERT INTO owgvgeoportal.servicio_web (id, nombre, descripcion, url, tipo, version_protocolo, formato_imagen, tile_matrix_set, version) VALUES ('51', 'Histórico Red de Carreteras de la Comunitat Valenciana (Cátedra Demetrio Ribes)', 'Histórico Red de Carreteras de la Comunitat Valenciana (Cátedra Demetrio Ribes)', 'http://terramapas.cegesev.gva.es/cgi-bin/mapserv?map=/ms4w/Apache/map/historico.map', 'WMS', '1.3.0', 'image/png', '', '0'),('52', 'Servicio WMS de la Confederación Hidrográfica del Júcar', 'Servicio WMS de la Configuración Hidrográfica del Júcar', 'http://idejucar.chj.es/sig/services/IDEJucar_WMS/MapServer/WMSServer?', 'WMS', '1.3.0', 'image/png', '', '0'),('53', 'Fauna y Flora: Riqueza de Especies', 'Fauna y Flora: Riqueza de Especies', 'http://wms.marm.es/sig/Biodiversidad/RiquezaEspecies/wms.aspx?', 'WMS', '1.3.0', 'image/png', '', '0'),('54', 'Inventario Nacional de Espacios Naturales Protegidos', 'Inventario Nacional de Espacios Naturales Protegidos', 'http://wms.marm.es/sig/Biodiversidad/INENP/wms.aspx?', 'WMS', '1.3.0', 'image/png', '', '0'),('55', 'Humedales', 'Humedales', 'http://wms.marm.es/sig/Biodiversidad/Humedales/wms.aspx?', 'WMS', '1.3.0', 'image/png', '', '0'),('56', 'Red Natura 2000', 'Red Natura 2000', 'http://wms.marm.es/sig/Biodiversidad/RedNatura/wms.aspx?', 'WMS', '1.3.0', 'image/png', '', '0'),('57', 'Erosión Eólica', 'Erosión Eólica', 'http://wms.marm.es/sig/Biodiversidad/INESErosionEolica/wms.aspx?', 'WMS', '1.3.0', 'image/png', '', '0'),('58', 'Erosión Laminar', 'Erosión Laminar', 'http://wms.marm.es/sig/Biodiversidad/INESErosionLaminarRaster/wms.aspx?', 'WMS', '1.3.0', 'image/png', '', '0'),('59', 'Erosión Potencial', 'Erosión Potencial', 'http://wms.marm.es/sig/Biodiversidad/INESErosionPotencial/wms.aspx?', 'WMS', '1.3.0', 'image/png', '', '0'),('60', 'Convenios Internacionales: Humedales RAMSASR', 'Convenios internacionales: Humedales RAMSASR', 'http://wms.marm.es/sig/Biodiversidad/RAMSAR/wms.aspx?', 'WMS', '1.3.0', 'image/png', '', '0'),('61', 'Convenios Internacionales: OSPAR', 'Convenios Internacionales: OSPAR', 'http://wms.marm.es/sig/Biodiversidad/OSPAR/wms.aspx?', 'WMS', '1.3.0', 'image/png', '', '0'),('62', 'Convenios Internacionales: Reservas de la Biosfera (MaB)', 'Convenios Internacionales: Reservas de la Biosfera (MaB)', 'http://wms.marm.es/sig/Biodiversidad/MAB/wms.aspx?', 'WMS', '1.3.0', 'image/png', '', '0'),('63', 'Convenios Internacionales: ZEPIM', 'Convenios Internacionales: ZEPIM', 'http://wms.marm.es/sig/Biodiversidad/ZEPIM/wms.aspx?', 'WMS', '1.3.0', 'image/png', '', '0'),('64', 'Mapa Forestal de España (MFE50)', 'Mapa Forestal de España (MFE50)', 'http://wms.marm.es/sig/Biodiversidad/MFE/wms.aspx?', 'WMS', '1.3.0', 'image/png', '', '0'),('65', 'Vías pecuarias', 'Vías pecuarias', 'http://wms.marm.es/sig/Biodiversidad/ViasPecuarias/wms.aspx?', 'WMS', '1.3.0', 'image/png', '', '0'),('66', 'Vías pecuarias: Abrevaderos', 'Vías pecuarias: Abrevaderos', 'http://wms.marm.es/sig/Biodiversidad/Abrevaderos/wms.aspx?', 'WMS', '1.3.0', 'image/png', '', '0'),('67', 'Vías pecuarias: Descansaderos', 'Vías pecuarias: Descansaderos', 'http://wms.marm.es/sig/Biodiversidad/Descansaderos/wms.aspx?', 'WMS', '1.3.0', 'image/png', '', '0'),('68', 'Titularidad de los Montes', 'Titularidad de los Montes', 'http://wms.marm.es/sig/Biodiversidad/PropiedadMontes/wms.aspx?', 'WMS', '1.3.0', 'image/png', '', '0'),('69', 'Inventario de Espacios Naturales Protegidos', 'Inventario de Espacios Naturales Protegidos', 'http://wms.marm.es/sig/Biodiversidad/INENP/wms.aspx?', 'WMS', '1.3.0', 'image/png', '', '0'),('70', 'Inventario Nacional de Paisaje', 'Inventario Nacional de Paisaje', 'http://wms.marm.es/sig/Biodiversidad/Paisaje/wms.aspx?', 'WMS', '1.3.0', 'image/png', '', '0'),('71', 'Recursos genéticos: Región procedencia', 'Recursos genéticos: Región procedencia', 'http://wms.marm.es/sig/Biodiversidad/RegionProcedencia/wms.aspx?', 'WMS', '1.3.0', 'image/png', '', '0'),('72', 'SIGPAC. Sistema de Información Geográfica de Parcelas Agrícolas', 'SIGPAC. Sistema de Información Geográfica de Parcelas Agrícolas.', 'http://wms.magrama.es/wms/wms.aspx', 'WMS', '1.3.0', 'image/png', '', '0'),('73', 'IGME - Mapa Geológico de la Comunidad Valenciana a escala 1:400.000', 'IGME - Mapa Geológico de la Comunidad Valenciana a escala 1:400.000', 'http://mapas.igme.es/gis/services/Cartografia_Geologica/IGME_GeologicoCValenciana_400/MapServer/WMSServer', 'WMS', '1.3.0', 'image/png', '', '0'),('74', 'IGME - Base de Datos de Fallas Activas en el Cuaternario de la Península Ibérica', 'IGME – Base de Datos de Fallas Activas en el Cuaternario de la Península Ibérica', 'http://mapas.igme.es/gis/services/Cartografia_Tematica/IGME_QAFI/MapServer/WMSServer', 'WMS', '1.3.0', 'image/png', '', '0'),('75', 'IGME - Mapa de Permeabilidades de España a escala 1/200.000', 'IGME – Mapa de Permeabilidades de España a escala 1/200.001', 'http://mapas.igme.es/gis/services/Cartografia_Tematica/IGME_Permeabilidad_200/MapServer/WMSServer', 'WMS', '1.3.0', 'image/png', '', '0'),('76', 'IGME - Mapa Hidrogeológico de España a escala 1/200.000', 'IGME - Mapa Hidrogeológico de España a escala 1/200.000', 'http://mapas.igme.es/gis/services/Cartografia_Tematica/IGME_Hidrogeologico_200/MapServer/WMSServer', 'WMS', '1.3.0', 'image/png', '', '0'),('77', 'IGME - Mapa Litoestratigráfico de España a escala 1/200.000', 'IGME – Mapa Litoestratigráfico de España a escala 1/200.001', 'http://mapas.igme.es/gis/services/Cartografia_Tematica/IGME_Litoestratigrafico_200/MapServer/WMSServer', 'WMS', '1.3.0', 'image/png', '', '0'),('78', 'Distribución Superpuesta / Años ', 'Distribución Superpuesta / Años', 'http://terramapas1.icv.gva.es/odcv05_etrs89h30_distribucion_agrupado', 'WMS', '1.3.0', 'image/png', '', '0'),('79', 'Orotofotos Superpuestas Históricas', 'Orotofotos Superpuestas Históricas', 'http://terramapas1.icv.gva.es/odcv05_etrs89h30_historico_agrupado', 'WMS', '1.3.0', 'image/png', '', '0'),('80', 'Distribución Fondo / Años', 'Distribución Fondo / Años', 'http://terramapas1.icv.gva.es/odcv05_etrs89h30_distribucion_agrupado', 'WMS', '1.3.0', 'image/png', '', '0'),('81', 'Orotofotos Históricas Comunidad Valencia', '''''', 'http://terramapas1.icv.gva.es/odcv05_etrs89h30_historico_agrupado', 'WMS', '1.3.0', 'image/png', '', '0'),('82', 'CITMA: Infraestructura Verde', '''''', 'http://cartoweb.cma.gva.es/arcgis/services/infraestructura_verde/MapServer/WMSServer', 'WMS', '1.3.0', 'image/png', '', '0'),('83', 'Limites administrativos de España', 'Servicio Web de Unidades administrativas de España solo con los límites', 'http://www.ign.es/wms-inspire/unidades-administrativas', 'WMS', '1.3.0', 'image/png', '', '0'),('84', 'Ortofoto 2012 ', 'Ortofoto 2012 ', 'http://terramapas.icv.gva.es/ortoactualidad/?', 'WMS', '1.1.1', 'image/png', '', '0'),('85', 'Mapa topográfico base', 'Mapa topográfico base', 'http://terramapas.icv.gva.es/mapa_topografico_base', 'WMS', '1.3.0', 'image/png', '', '0');

INSERT INTO owgvgeoportal.databasechangelog (ID, AUTHOR, FILENAME, DATEEXECUTED, ORDEREXECUTED, MD5SUM, DESCRIPTION, COMMENTS, EXECTYPE, CONTEXTS, LABELS, LIQUIBASE) VALUES ('terrasit-servicio-web-v000', 'omorro', 'db.changelog-v000-terrasit-data.xml', NOW(), 45, '7:c6d7d2cbc6ea294e20f124ead8dcc810', 'loadData', '', 'EXECUTED', NULL, NULL, '3.4.0');

-- Changeset db.changelog-v000-terrasit-data.xml::terrasit-geoPortal-v000::omorro
INSERT INTO owgvgeoportal.geo_portal (id, titulo, url, descripcion, subtitulo, coordenadas, logo, alias, publicado, centro, zoom, fecha_alta, fecha_baja, version) VALUES ('1', 'Terrasit', 'terrasit', 'TerraSIT es un geoportal ideado para ofrecer toda la información gráfica de la Generalitat Valenciana', '', '6', NULL, 'terrasit', 'true', '39.599014425917,-0.23576532294386', '4', '20/01/16', '20/10/25', '0');

INSERT INTO owgvgeoportal.databasechangelog (ID, AUTHOR, FILENAME, DATEEXECUTED, ORDEREXECUTED, MD5SUM, DESCRIPTION, COMMENTS, EXECTYPE, CONTEXTS, LABELS, LIQUIBASE) VALUES ('terrasit-geoPortal-v000', 'omorro', 'db.changelog-v000-terrasit-data.xml', NOW(), 46, '7:319cdce21d9e12b1a6ad3538049667bd', 'loadData', '', 'EXECUTED', NULL, NULL, '3.4.0');

-- Changeset db.changelog-v000-terrasit-data.xml::terrasit-capas_servicio_web-v000::omorro
INSERT INTO owgvgeoportal.capas_servicio_web (id_capa_servicio_web, nombre_capa, estilo_capa, titulo_capa) VALUES ('1', 'isohipsas', '', 'Mapa de sombras'),('2', 'siose_2011_cv_nivel4', 'default', 'Usos del suelo 2011 Nivel 4'),('2', 'siose_2011_cv_nivel1', 'default', 'Usos del suelo 2011 Nivel 1'),('3', 'siose_2009_cv_nivel4', 'default', 'Usos del suelo 2009 Nivel 4'),('3', 'siose_2009_cv_nivel1', 'default', 'Usos del suelo 2009 Nivel 1'),('4', 'siose_2005_cv_nivel1', 'default', 'Usos del suelo 2005 Nivel 1'),('4', 'siose_2005_cv_nivel4', 'default', 'Usos del suelo 2005 Nivel 4'),('5', 'wms_puntuales', 'default', 'Picos principales'),('5', 'carreteras', 'default', 'Red de carreteras'),('5', 'toponimia_wms', 'default', 'Toponimia mayor'),('5', 'toponimia', 'default', 'Toponimia menor'),('5', 'toponimiamc', '', 'Toponimia'),('5', 'wms_poligonales', 'default', 'Zona urbana, embalses'),('5', 'wms_lineales', 'default', 'Ríos principales, ferrocarril'),('6', 'topografico', '', 'Topografico'),('7', 'Webcams', 'default', 'Webcams de la Comunidad Valenciana'),('7', 'OCMA', 'default', 'OCMA'),('7', 'territoriales', 'default', 'Servicios Territoriales'),('7', 'oficinasregistro', 'default', 'Oficinas de Registro'),('7', 'RED_AFIC_vilareal', 'default', 'Red AFIC (Vilareal)'),('7', 'ocre', 'default', 'OCRE'),('7', 'instalaciones_residuos', 'default', 'Instalaciones de recogida de residuos'),('7', 'oficinasliquidadoras', 'default', 'Oficinas liquidadoras'),('7', 'Consellerias_de_la_Generalitat_Valenciana', 'default', 'Consellerias de la GVA'),('7', 'ocapa', 'default', 'OCAPA'),('7', 'Centros_Turismo', 'default', 'Red Centros Turismo (CdT)'),('7', 'servefformacion', 'default', 'Centres Servef d´Informació'),('7', 'servefempleo', 'default', 'Centres Servef d´Ocupació'),('7', 'touristinfo', 'default', 'Tourist Info'),('7', 'otrosorganismos', 'default', 'Otros organismos de la GVA.'),('7', 'Gasolineras', 'default', 'Gasolineras y Estaciones de Servicio'),('7', 'RED_AFIC', 'default', 'Red AFIC'),('7', 'FAVIDE', 'default', 'FAVIDE'),('7', 'Agencias_AMICS', 'default', 'Agencias AMICS'),('8', 'bienestar_social', 'default', 'Centros Asistencia Conselleria Benestar Social'),('9', 'Comunicaciones', 'default', 'Comunicaciones CV'),('9', 'municipios_cv200', 'default', 'Municipios'),('9', 'public.cc_autonomico_idvial', 'default', 'Nivel autonomico'),('9', 'public.cc_comarcal_idvial', 'default', 'Nivel comarcal'),('9', 'Vial_urbano', 'default', 'Etiquetas viales urbanos CV Fondo vectorial'),('9', 'v_viales_geom_wms', 'default', 'Vias urbanas CV'),('9', 'Vial_urbano_image', 'default', 'Etiquetas viales urbanos CV Fondo imagen'),('9', 'entidades_cv200', 'default', 'Entidad'),('9', 'Plazas', 'default', 'Plazas'),('9', 'urbanizacion_cv200', 'default', 'Urbanizacion'),('9', 'v_portal_pk', 'default', 'Portales y Puntos Kilometricos'),('9', 'public.cc_provincial_idvial', 'default', 'Nivel provincial'),('9', 'public.cc_fondo_urbano', 'default', 'Fondo Urbano'),('10', 'vconfianza', 'default', 'Confianza'),('11', 'gnss', 'default', 'Estación GNSS');
INSERT INTO owgvgeoportal.capas_servicio_web (id_capa_servicio_web, nombre_capa, estilo_capa, titulo_capa) VALUES ('12', 'public.vert_4o', 'default', 'Vértice 4o orden'),('13', 'hojas1km', 'default', 'UTM 1 km.'),('13', 'hojas10', 'default', 'Hojas CV10'),('13', 'hojas05', 'default', 'Hojas CV05'),('14', 'AU.AdministrativeUnit', 'UnidadesAdministrativas', 'Unidad administrativa'),('14', 'AU.AdministrativeBoundary', 'LimitesAdministrativos', 'Límite administrativo'),('15', 'MDT_CV_5m', 'Default', 'MDT CV 5m'),('16', 'MDT_EDIFICIOS_CV_5m', 'Default', 'MDT EDIFICIOS CV 5m'),('17', 'MDT_1m_CV', 'Default', 'MDT 1m CV'),('18', 'icv', 'Default', 'icv'),('19', 'odcv05_etrs89h30_1996', 'default', 'Ortofoto 50cm. RGB'),('19', 'distribucion_descargas', '', 'Distribucion Descargas'),('20', 'distribucion_descargas', '', 'Distribucion Descargas'),('20', 'odcv05_etrs89h30_1997', 'default', 'Ortofoto 50cm. RGB'),('21', 'distribucion_descargas', '', 'Distribucion Descargas'),('21', 'odcv05_etrs89h30_2000', 'default', 'Ortofoto 50cm. RGB'),('22', 'distribucion_descargas', '', 'Distribucion Descargas'),('22', 'odcv05_etrs89h30_2002', 'default', 'Ortofoto 50cm. RGB'),('23', 'odcv05_etrs89h30_2003', 'default', 'Ortofoto 50cm. RGB'),('23', 'distribucion_descargas', '', 'Distribucion Descargas'),('24', 'odcv05_etrs89h30_2004', 'default', 'Ortofoto 50cm. RGB'),('24', 'distribucion_descargas', '', 'Distribucion Descargas'),('25', 'odcv10_etrs89h30_2005_RGB', 'default', 'Ortofoto 50cm. RGB'),('25', 'distribucion_descargas', '', 'Distribucion Descargas'),('25', 'odcv10_etrs89h30_2005_IRG', 'default', 'Ortofoto 50cm. IRG Castellón'),('26', 'distribucion_descargas', '', 'Distribucion Descargas'),('26', 'odcv10_etrs89h30_2006_RGB', 'default', 'Ortofoto 50cm. RGB'),('26', 'odcv10_etrs89h30_2006_IRG', 'default', 'Ortofoto 50cm. IRG'),('27', 'distribucion_descargas', '', 'Distribucion Descargas'),('27', 'odcv10_etrs89h30_2007_IRG', 'default', 'Ortofoto 50cm. IRG'),('27', 'odcv10_etrs89h30_2007_RGB', 'default', 'Ortofoto 50cm. RGB'),('28', 'odcv10_etrs89h30_2008_RGB', 'default', 'Ortofoto 50cm. RGB'),('28', 'distribucion_descargas', '', 'Distribucion Descargas'),('28', 'odcv10_etrs89h30_2008_IRG', 'default', 'Ortofoto 50cm. IRG'),('29', 'distribucion_descargas', '', 'Distribucion Descargas'),('29', 'odcv05_etrs89h30_2009_irg', 'default', 'Ortofoto 25cm. IRG Castellón'),('29', 'odcv05_etrs89h30_2009_rgb', 'default', 'Ortofoto 25cm. RGB'),('30', 'odcv05_etrs89h30_2010', 'default', 'Ortofoto 35cm. RGB'),('30', 'distribucion_descargas', '', 'Distribucion Descargas'),('31', 'distribucion_descargas', '', 'Distribucion Descargas'),('31', 'odcv10_etrs89h30_2012_RGB', 'default', 'Ortofoto 50cm. RGB'),('32', 'agua_playas_costa_playas', 'default', 'Línea de costa'),('32', 'agua_playas_muestreo_playas', 'default', 'Puntos de muestreo'),('33', 'webservice_plan_calificacion_vig', 'default', 'Calificación'),('33', 'webservice_plan_clasificacion_vig', 'default', 'Clasificación'),('34', 'fore_patfor_peligrosidad_completa', 'default', 'Peligrosidad - completa'),('34', 'fore_patfor_intensidad_claras', 'default', 'Intensidad de claras'),('34', 'fore_patfor_recursos_apicolas', 'default', 'Recursos apícolas'),('34', 'fore_patfor_recarga_acuiferos', 'default', 'Recarga de acuíferos'),('34', 'fore_patfor_riesgo_incendio_grav_pe', 'default', 'Riesgo incendio grave por peligrosidad'),('34', 'fore_patfor_reduccion_riesgo_inunda', 'default', 'Reducción riesgo inundación');
INSERT INTO owgvgeoportal.capas_servicio_web (id_capa_servicio_web, nombre_capa, estilo_capa, titulo_capa) VALUES ('34', 'fore_patfor_demanda_proteccion', 'default', 'Demanda de protección'),('34', 'fore_patfor_diversidad_fitoclimatic', 'default', 'Diversidad fitoclimática de Shannon'),('34', 'fore_patfor_productividad_competen', 'default', 'Productividad Competencia'),('34', 'fore_patfor_capac_presion_otr_usos_capacidad', 'default', 'Capacidad del suelo forestal de absorber usos no forestales'),('34', 'fore_patfor_terreno_forest_estr_pro', 'default', 'Terreno Forestal Estratégico Factores por provincias'),('34', 'fore_patfor_carbono_suelo_cam_clim', 'default', 'Carbono en suelo con escenarios de cambio climático'),('34', 'fore_patfor_indice_aptitud_trufera', 'default', 'Indice de aptitud Trufera'),('34', 'fore_patfor_vulnerabilidad', 'default', 'Vulnerabilidad'),('34', 'fore_patfor_cabeceras_cuenca', 'default', 'Cabeceras de cuenca'),('34', 'fore_patfor_terreno_fores_no_fores', 'default', 'Terreno Forestal y No Forestal'),('34', 'fore_patfor_arbolado_desarbolado', 'default', 'Terreno Arbolado y Desarbolado'),('34', 'fore_patfor_terreno_forest', 'default', 'Terreno Forestal'),('34', 'fore_patfor_control_muerdago', 'default', 'Control Muérdago'),('34', 'fore_patfor_productividad_diversida', 'default', 'Productividad y Diversidad'),('34', 'fore_patfor_renta_cinegetica_menor', 'default', 'Renta Cinegética - Caza Menor'),('34', 'fore_patfor_explotaciones', 'default', 'Explotaciones'),('34', 'fore_patfor_selec_especie_bioclima', 'default', 'Selección especies bioclima'),('34', 'fore_patfor_interfaz_urb_for', 'default', 'Interfaz Urbano - Forestal'),('34', 'fore_patfor_carga_ganadera_compat', 'default', 'Potencialidad productiva del pastizal. Carga Ganadera'),('34', 'fore_patfor_muni_afect_expl_miner', 'default', 'Municipios afectados Explotaciones Mineras'),('34', 'fore_patfor_recurrencia', 'default', 'Recurrencia'),('34', 'fore_patfor_erosion_actual', 'default', 'Erosión actual'),('34', 'fore_patfor_capac_presion_otr_usos_presion_historica', 'default', 'Presión histórica de los usos no forestales sobre el suelo forestal'),('34', 'fore_patfor_zonif_servic_ambiental', 'default', 'Zonificación servicios ambientales'),('34', 'fore_patfor_esparcimiento', 'default', 'Esparcimiento'),('34', 'fore_patfor_zonas_pot_bioclimatica', 'default', 'Zonas de Potencialidad Bioclimática'),('34', 'fore_patfor_zonas_climaticas', 'default', 'Zonas climáticas'),('34', 'fore_patfor_zonas_actuacion_numero_servicios', 'default', 'Número Servicios Ambientales coincidentes'),('34', 'fore_patfor_terreno_forest_estrateg', 'default', 'Terreno Forestal Estratégico'),('34', 'fore_patfor_erosion_potencial', 'default', 'Erosión potencial'),('34', 'fore_patfor_coeficiente_competencia', 'default', 'Coeficiente de competencia'),('34', 'fore_patfor_ind_pot_truf_sueloclima', 'default', 'Aptitud del territorio (clima y suelo) para la realización de plantaciones truferas'),('34', 'fore_patfor_carbono_suelo', 'default', 'Carbono en suelo'),('34', 'fore_patfor_posibilidad_madera', 'default', 'Posibilidad de aprovechamiento de madera'),('34', 'fore_patfor_act_mejora_selvicol_inc', 'default', 'Actuaciones mejora selvícola incendios'),('34', 'fore_patfor_zonas_gestion_biomasa', 'default', 'Zonas gestión biomasa'),('34', 'fore_patfor_diversificacio_masas_ph', 'default', 'Diversificación masas Pinus halepensis'),('34', 'fore_patfor_preparacion_suelo', 'default', 'Caracterización bioclimática para preparación del suelo'),('34', 'fore_patfor_modelo_combustible', 'default', 'Modelo de combustible'),('34', 'fore_patfor_subtipos_fitoclimaticos', 'default', 'Subtipos Fitoclimáticos'),('34', 'fore_patfor_reduccion_riesgo_desert', 'default', 'Reducción Riesgo Desertificación'),('34', 'fore_patfor_existencias_corcho', 'default', 'Existencias de Corcho aprovechable'),('34', 'fore_patfor_co2_fijado_veg', 'default', 'Carbono fijado por la vegetación'),('34', 'fore_patfor_calidad_suelo', 'default', 'Calidad del suelo para la conservación'),('34', 'fore_patfor_ecosistemas_forest_com', 'default', 'Ecosistemas forestales - completa'),('34', 'fore_patfor_riesgo_desert_su_fores', 'default', 'Riesgo de desertificación actual en suelo forestal'),('34', 'fore_patfor_conservacion_suelo', 'default', 'Zonas prioritarias conservación suelo según criterios bioclimáticos'),('34', 'fore_patfor_idoneidad_fitoclimatica', 'default', 'Idoneidades fitoclimáticas'),('34', 'fore_patfor_posibilidad_biomasa', 'default', 'Posibilidad de aprovechamiento de biomasa'),('34', 'fore_patfor_import_recarg_acuif_for', 'default', 'Zona forestal mayor importancia para recarga acuíferos'),('34', 'fore_patfor_vulnerabilidad_completa', 'default', 'Vulnerabilidad - completa');
INSERT INTO owgvgeoportal.capas_servicio_web (id_capa_servicio_web, nombre_capa, estilo_capa, titulo_capa) VALUES ('34', 'fore_patfor_monte_publico_exp_miner', 'default', 'Montes Públicos con mayor presencia de Explotaciones Mineras Abandonadas'),('34', 'fore_patfor_demarcaciones_forest', 'default', 'Demarcaciones forestales'),('34', 'fore_patfor_nofor_incen_plagas', 'default', 'Terreno no forestal con afecciones de incendios y plagas'),('34', 'fore_patfor_terreno_forest_estr_con', 'default', 'Terreno Forestal Estratégico Contorno por Provincias'),('34', 'fore_patfor_co2_captura_veg', 'default', 'Carbono capturado por la vegetación'),('34', 'fore_patfor_riesgo_incendio', 'default', 'Riesgo de incendios'),('34', 'fore_patfor_densidad_cazadores', 'default', 'Densidad cazadores'),('34', 'fore_patfor_ecosistemas_forest', 'default', 'Ecosistemas forestales'),('34', 'fore_patfor_aptitud_nogal', 'default', 'Aptitud del territorio para la producción óptima de Nogal'),('34', 'fore_patfor_capac_presion_otr_usos_presion_futura', 'default', 'Presión futura de los usos no forestales sobre el suelo forestal'),('34', 'fore_patfor_renta_cinegetica_mayor', 'default', 'Renta Cinegética - Caza Mayor'),('34', 'fore_patfor_peligrosidad', 'default', 'Peligrosidad'),('34', 'fore_patfor_explotaciones_uso_prin', 'default', 'Explotaciones por uso principal'),('34', 'fore_patfor_zonas_actuacion_gestion', 'default', 'Zonas Actuación en base a escenarios de gestión'),('34', 'fore_patfor_produccion_lactarius', 'default', 'Potencialidad productiva de Lactarius'),('35', 'banc_fuentes_s_pinus_pinea', 'default', 'Fuentes semilleras - Pinus pinea L.'),('35', 'send_via_augusta', 'default', 'Sendero sobre la Vía Augusta'),('35', 'banc_fuentes_s_juniperus_oxycedrus', 'default', 'Fuentes semilleras - Juniperus oxycedrus L. subsp. oxycedrus'),('35', 'banc_mb_rodales_pinus_halepensis', 'default', 'Rodales selectos - Pinus halepensis Mill.'),('35', 'preven_planes_parquesnaturales', 'default', 'Planes de Parques Naturales'),('35', 'banc_fuentes_s_juniperus_thurifera', 'default', 'Fuentes semilleras - Juniperus thurifera L.'),('35', 'banc_fuentes_s_quercus_coccifera', 'default', 'Fuentes semilleras - Quercus coccifera L.'),('35', 'banc_fuentes_s_pinus_sylvestris', 'default', 'Fuentes semilleras - Pinus sylvestris L.'),('35', 'banc_fuentes_s_pinus_pinaster', 'default', 'Fuentes semilleras - Pinus pinaster Ait.'),('35', 'banc_mb_rodales_pinus_sylvestris', 'default', 'Rodales selectos - Pinus sylvestris L.'),('35', 'send_instala_recreativas', 'default', 'Instalaciones recreativas'),('35', 'banc_procedencias_subrptaxaribera', 'default', 'Subregiones de procedencia - Especies de Ribera'),('35', 'banc_procedencias_rpdivisivo', 'default', 'Regiones de procedencia - Método divisivo'),('35', 'banc_fuentes_s_pinus_nigra', 'default', 'Fuentes semilleras - Pinus nigra subsp. salzmannii -Dunal- Franco'),('35', 'fore_mfe50', 'default', 'Mapa Forestal de España a escala 1:50.000'),('35', 'banc_fuentes_s_juniperus_phoenicea', 'default', 'Fuentes semilleras - Juniperus phoenicea L. subsp. phoenicea'),('35', 'preven_planes_demarcacion', 'default', 'Planes de demarcación'),('35', 'fore_arboles_mon', 'default', 'Árboles monumentales'),('35', 'banc_fuentes_s_ilex_aquifolium', 'default', 'Fuentes semilleras - Ilex aquifolium L.'),('35', 'banc_fuentes_s_quercus_suber', 'default', 'Fuentes semilleras - Quercus suber L.'),('35', 'fore_g1_vias_pecuarias_ext', 'default', 'Vías pecuarias'),('35', 'banc_fuentes_s_populus_alba', 'default', 'Fuentes semilleras - Populus alba L.'),('35', 'send_senderos', 'default', 'Senderos'),('35', 'banc_fuentes_s_fraxinus_angustifolia', 'default', 'Fuentes semilleras - Fraxinus angustifolia Vahl.'),('35', 'banc_mb_rodales_pinus_pinaster', 'default', 'Rodales selectos - Pinus pinaster Ait.'),('35', 'banc_fuentes_s_ulmus_minor', 'default', 'Fuentes semilleras - Ulmus minor Mill.'),('35', 'banc_fuentes_s_juglans_regia', 'default', 'Fuentes semilleras - Juglans regia L.'),('35', 'banc_fuentes_s_sorbus_aria', 'default', 'Fuentes semilleras - Sorbus aria -L.- Crantz.'),('35', 'banc_fuentes_s_tilia_platyphyllos', 'default', 'Fuentes semilleras - Tilia platyphyllos Scop.'),('35', 'banc_fuentes_s_juniperus_communis', 'default', 'Fuentes semilleras - Juniperus communis L.'),('35', 'banc_fuentes_s_arbutus_unedo', 'default', 'Fuentes semilleras - Arbutus unedo L.'),('35', 'fore_g1_montes_util_publica', 'default', 'Montes gestionados por la Conselleria'),('35', 'banc_fuentes_s_quercus_faginea', 'default', 'Fuentes semilleras - Quercus faginea Lam. subsp. faginea'),('35', 'fore_ifn3', 'default', 'Inventario Forestal Nacional número 3'),('35', 'preven_planes_locales', 'default', 'Planes locales'),('35', 'fore_g1_elem_comu_valen_ext', 'default', 'Elementos pecuarios');
INSERT INTO owgvgeoportal.capas_servicio_web (id_capa_servicio_web, nombre_capa, estilo_capa, titulo_capa) VALUES ('35', 'banc_fuentes_s_taxus_baccata', 'default', 'Fuentes semilleras - Taxus baccata L.'),('35', 'banc_fuentes_s_quercus_ilex', 'default', 'Fuentes semilleras - Quercus ilex L.'),('35', 'banc_fuentes_s_pinus_halepensis', 'default', 'Fuentes semilleras - Pinus halepensis Mill.'),('35', 'banc_procedencias_subrpdivisivo', 'default', 'Subregiones de procedencia - Método divisivo'),('35', 'banc_mb_rodales_pinus_nigra', 'default', 'Rodales selectos - Pinus nigra subsp. salzmannii -Dunal- Franco'),('36', 'eepp_centros_informacion', 'default', 'Centros de información'),('36', 'eepp_porn_espada', 'default', 'P.O.R.N. - Espadà'),('36', 'parq_benifassa_porn_zonificacion', 'default', 'Zonificación P.O.R.N. - Benifassà'),('36', 'eepp_parques_naturales_porn_pego_oliva', 'default', 'Límite Parque Natural - Pego-Oliva'),('36', 'eepp_limite_prug_santa_pola', 'default', 'Límite P.R.U.G. - Santa Pola'),('36', 'eepp_parques_naturales_porn_espada', 'default', 'Límite Parque Natural - Espadà'),('36', 'eepp_parques_naturales_porn_turia', 'default', 'Límite Parque Natural - Turia'),('36', 'parq_espadan_prug_acondicionamiento_uso_publico', 'default', 'Acondicionamiento de zonas de uso público: AP-c - Espadà'),('36', 'parq_hoces_cabriel_prug_ordenacion_pol', 'default', 'Zonificación P.R.U.G. - Hoces del Cabriel'),('36', 'parq_calderona_porn_zonificacion', 'default', 'Zonificación P.O.R.N. - Calderona'),('36', 'parq_calderona_prug_otras_areas_recreat', 'default', 'Otras áreas recreativas - Calderona'),('36', 'parq_irta_prug_enclavados', 'default', 'Enclavados de protección integral - Irta'),('36', 'parq_font_roja_porn_microrreservas_flora', 'default', 'Microrreservas de flora - Font Roja'),('36', 'parq_calderona_prug_cantera_parque', 'default', 'Canteras - Calderona'),('36', 'eepp_porn_font_roja', 'default', 'P.O.R.N. - Font Roja'),('36', 'eepp_parques_naturales_porn_mariola', 'default', 'Límite Parque Natural - Mariola'),('36', 'parq_calderona_prug_vias_pecuarias_calderona', 'default', 'Vías pecuarias - Calderona'),('36', 'eepp_parques_naturales_prug_cabanes', 'default', 'Límite del Parque Natural - Cabanes-Torreblanca'),('36', 'parq_montgo_porn_zonificacion_porn', 'default', 'Zonificación P.O.R.N. - Montgó'),('36', 'parq_ifac_prug_puntos_observacion_y_encuentros', 'default', 'Servicios asistenciales - Observación y encuentros - Ifac'),('36', 'eepp_parques_naturales_prug_hoces_cabriel', 'default', 'Límite del Parque Natural - Hoces del Cabriel'),('36', 'eepp_parques_naturales_porn_chera', 'default', 'Límite Parque Natural - Chera-Sot de Chera'),('36', 'eepp_zonas_humedas', 'default', 'Zonas Húmedas'),('36', 'parq_ifac_prug_caminos_accesos_entorno_aula', 'default', 'Rehabilitación accesos entorno aula - Ifac'),('36', 'parq_prat_cabanes_porn_zonificacion', 'default', 'Zonificación P.O.R.N. - Cabanes-Torreblanca'),('36', 'parq_prat_cabanes_porn_centro_informacion', 'default', 'Centro de información - Cabanes-Torreblanca'),('36', 'eepp_limite_prug_hoces_cabriel', 'default', 'Límite P.R.U.G. - Hoces del Cabriel'),('36', 'paisaje_ombria_benicadell_prug_zonificacion', 'default', 'Zonificación P.R.U.G. - Ombria del Benicadell'),('36', 'eepp_parajes_municipales', 'default', 'Parajes Naturales Municipales'),('36', 'eepp_zecs', 'default', 'ZECs'),('36', 'parq_calderona_prug_micros', 'default', 'Microrreservas - Calderona'),('36', 'eepp_parques_naturales', 'default', 'Parques Naturales'),('36', 'parq_ifac_prug_educacion_entorno_aula', 'default', 'Rehabilitación entorno aula - Ifac'),('36', 'eepp_parques_naturales_limite_porn_irta', 'default', 'Límite Parque Natural - Irta'),('36', 'eepp_zecs_zonificacion', 'default', 'Zonificación ZECs'),('36', 'parq_penyagolosa_porn_zonificacion', 'default', 'Zonificación P.O.R.N. - Penyagolosa'),('36', 'eepp_parques_naturales_prug_mariola', 'default', 'Límite Parque Natural - Mariola'),('36', 'eepp_limite_prug_calderona', 'default', 'Límite P.R.U.G. - Calderona'),('36', 'parq_font_roja_porn_vedado_caza', 'default', 'Vedado de caza - Font Roja'),('36', 'eepp_marca_parcs', 'default', 'Marca Parcs Naturals'),('36', 'parq_espadan_prug_interes_paisajistico_y_cultural', 'default', 'Áreas de interés paisajístico y cultural: AP-dII - Espadà'),('36', 'parq_columbretes_prug_zonificacion_y_construcciones_zonificacion', 'default', 'Zonificación - Illes Columbretes'),('36', 'parq_espadan_prug_zonificacion_urbanas', 'default', 'Áreas urbanas: UE - Espadà'),('36', 'eepp_limite_prug_cabanes', 'default', 'Límite P.R.U.G. - Cabanes-Torreblanca'),('36', 'parq_espadan_prug_areas_de_reserva_puntual', 'default', 'Áreas de reserva: RE - Puntos - Espadà'),('36', 'parq_prat_cabanes_prug_zonificacion', 'default', 'Zonificación P.R.U.G. - Cabanes-Torreblanca');
INSERT INTO owgvgeoportal.capas_servicio_web (id_capa_servicio_web, nombre_capa, estilo_capa, titulo_capa) VALUES ('36', 'eepp_parques_naturales_prug_montgo', 'default', 'Límite Parque Natural - Montgó'),('36', 'parq_espadan_prug_uso_publico', 'default', 'Áreas de equipamiento. Uso público: EP - Espadà'),('36', 'eepp_parques_naturales_prug_calderona', 'default', 'Límite Parque Natural - Calderona'),('36', 'parq_font_roja_prug_puntos_ordenacion', 'default', 'Ordenación puntos - Font Roja'),('36', 'parq_espadan_prug_perimetro_proteccion_zonas_humedas', 'default', 'Perímetro de protección de las zonas húmedas catalogadas: AP-e - Espadà'),('36', 'parq_ifac_prug_educacion_poligonos', 'default', 'Polígonos - Ifac'),('36', 'eepp_limite_porn_prug_font_roja', 'default', 'Límite P.O.R.N. - Font Roja'),('36', 'eepp_limite_prug_benicadell', 'default', 'Límite P.R.U.G. - Ombria del Benicadell'),('36', 'parq_font_roja_prug_itinerarios', 'default', 'Itinerarios - Font Roja'),('36', 'parq_prat_cabanes_porn_aparcamientos', 'default', 'Aparcamientos - Cabanes-Torreblanca'),('36', 'parq_font_roja_porn_puntos_ordenacion', 'default', 'Ordenación - Font Roja'),('36', 'parq_hoces_cabriel_prug_ordenacion_ptos', 'default', 'Zonificación P.R.U.G. puntual - Hoces del Cabriel'),('36', 'sist_hume_sur_ali_porn_limite_parque_mata', 'default', 'Zonificación PORN P.E. Lagunas de la Mata-Torrevieja'),('36', 'parq_columbretes_prug_zonificacion_y_construcciones_construcciones', 'default', 'Construcciones - Illes Columbretes'),('36', 'parq_mata_torrevieja_prug_zonificacion', 'default', 'Zonificación P.R.U.G. - Mata-Torrevieja'),('36', 'eepp_lics', 'default', 'LICs'),('36', 'eepp_limite_prug_mata', 'default', 'Límite P.R.U.G. - Mata-Torrevieja'),('36', 'eepp_parques_naturales_porn_gelada', 'default', 'Límite Parque Natural - Serra Gelada'),('36', 'eepp_zonas_humedas_influencia', 'default', 'Zona de Protección Zonas Húmedas'),('36', 'parq_espadan_prug_zonificacion_agricola', 'default', 'Áreas de uso agrícola: AG - Espadà'),('36', 'eepp_porn_irta', 'default', 'P.O.R.N. - Irta'),('36', 'eepp_parques_naturales_prug_fondo', 'default', 'Límite Parque Natural - El Fondo'),('36', 'sist_hume_sur_ali_porn_limite_parque_santa_pola', 'default', 'Zonificación PORN P.E. Les Salines de Santa Pola'),('36', 'eepp_parques_naturales_porn_cabanes', 'default', 'Límite Parque Natural - Cabanes-Torreblanca'),('36', 'eepp_monumentos_naturales', 'default', 'Monumentos Naturales'),('36', 'parq_calderona_prug_yacimientos_parque', 'default', 'Yacimientos - Calderona'),('36', 'parq_font_roja_porn_via_verde', 'default', 'Vía Verde Alcoi-Ibi - Font Roja'),('36', 'parq_columbretes_prug_itinerarios_y_zona_acceso_restringido', 'default', 'Itinerarios y Zona de acceso restringido - Illes Columbretes'),('36', 'parq_font_roja_prug_zonificacion', 'default', 'Zonificación P.R.U.G. - Font Roja'),('36', 'eepp_porn_hoces_cabriel', 'default', 'P.O.R.N. - Hoces del Cabriel'),('36', 'eepp_porn_chera', 'default', 'P.O.R.N. - Chera-Sot de Chera'),('36', 'eepp_limite_prug_espada', 'default', 'Límite P.R.U.G. - Espadà'),('36', 'parq_calderona_prug_areas_actuacion_parque', 'default', 'Áreas de actuación - Calderona'),('36', 'parq_pego_oliva_porn_zonificacion', 'default', 'Zonificación P.O.R.N. - Pego-Oliva'),('36', 'eepp_reserva_marina_illes_columbretes_prug_columbretes', 'default', 'Límite Reserva Marina - Illes Columbretes'),('36', 'eepp_cuevas', 'default', 'Catálogo de Cuevas'),('36', 'eepp_parques_naturales_prug_ifac', 'default', 'Límite Parque Natural - Ifac'),('36', 'eepp_parques_naturales_prug_santa_pola', 'default', 'Límite Parque Natural - Santa Pola'),('36', 'eepp_reservas_naturales', 'default', 'Reservas Naturales'),('36', 'eepp_porn_pego_oliva', 'default', 'P.O.R.N. - Pego-Oliva'),('36', 'parq_chera_porn_zonificacion', 'default', 'Zonificación P.O.R.N. - Chera-Sot de Chera'),('36', 'eepp_parques_naturales_prug_font_roja', 'default', 'Límite Parque Natural - Font Roja'),('36', 'eepp_limite_prug_montgo', 'default', 'Límite P.R.U.G. - Montgó'),('36', 'parq_espadan_prug_areas_de_proteccion_ecologica_puntual', 'default', 'Áreas de protección ecológica: PE - Puntos - Espadà'),('36', 'parq_ifac_prug_puntos_aparcamiento', 'default', 'Zona de aparcamiento - Ifac'),('36', 'eepp_parques_naturales_porn_montgo', 'default', 'Límite Parque Natural - Montgó'),('36', 'eepp_limite_porn_prug_cabanes', 'default', 'Límite P.O.R.N. - Cabanes-Torreblanca'),('36', 'parq_puebla_san_miguel_porn_zonificacion_porn', 'default', 'Zonificación P.O.R.N. - Puebla de San Miguel'),('36', 'eepp_parques_naturales_porn_calderona', 'default', 'Límite Parque Natural - Calderona'),('36', 'parq_irta_prug_zonas_proteccion_uso_publico', 'default', 'Zonas de protección y de uso público sostenible - Irta'),('36', 'parq_espadan_prug_areas_actuacion_preferente', 'default', 'Áreas de actuación preferente: AP - Zonas de regeneración de hábitats naturales: AP-a - Espadà');
INSERT INTO owgvgeoportal.capas_servicio_web (id_capa_servicio_web, nombre_capa, estilo_capa, titulo_capa) VALUES ('36', 'parq_calderona_prug_zonificacion_prug', 'default', 'Resto de zonificación - Calderona'),('36', 'eepp_paradas_parques', 'default', 'Paradas de los Parques Naturales'),('36', 'parq_hoces_cabriel_porn_zonificacion', 'default', 'Zonificación P.O.R.N. - Hoces del Cabriel'),('36', 'eepp_limite_prug_mariola', 'default', 'Límite P.R.U.G. - Mariola'),('36', 'parq_espadan_prug_interes_historico_y_cultural', 'default', 'Puntos de interés histórico y cultural: AP-dI - Espadà'),('36', 'eepp_porn_benifassa', 'default', 'P.O.R.N. - Benifassà'),('36', 'eepp_parajes_municipales_rutas', 'default', 'Rutas - Parajes Naturales Municipales'),('36', 'eepp_porn_sistema_zonas_humedas', 'default', 'P.O.R.N. - Fondo Salines Mata-Torrevieja'),('36', 'eepp_parajes_municipales_elementos', 'default', 'Elementos de interés - Parajes Naturales Municipales'),('36', 'eepp_parques_naturales_prug_desert', 'default', 'Límite Parque Natural - Desert'),('36', 'eepp_limite_prug_fondo', 'default', 'Límite P.R.U.G. - El Fondo'),('36', 'parq_calderona_prug_equipamientos', 'default', 'Equipamientos - Calderona'),('36', 'eepp_parques_naturales_porn_albufera', 'default', 'Límite Parque Natural - Albufera'),('36', 'eepp_zepas', 'default', 'ZEPAs'),('36', 'parq_ifac_prug_educacion_paisajistica', 'default', 'Rehabilitación paisajística del P.N. - Ifac'),('36', 'eepp_reserva_marina_illes_columbretes', 'default', 'Reserva Marina Illes Columbretes'),('36', 'parq_espadan_prug_zonificacion_ecologica', 'default', 'Áreas de protección ecológica: PE - Polígonos - Espadà'),('36', 'parq_calderona_prug_oficina_parque', 'default', 'Oficina - Calderona'),('36', 'eepp_parques_naturales_porn_benifassa', 'default', 'Límite Parque Natural - Benifassà'),('36', 'parq_desert_prug_zonificacion', 'default', 'Zonificación P.R.U.G. - Desert'),('36', 'sist_hume_sur_ali_porn_limite_parque_fondo', 'default', 'Zonificación PORN P.E. El Fondo'),('36', 'parq_ifac_prug_zonas', 'default', 'Zonificación P.R.U.G. - Ifac'),('36', 'parq_ifac_prug_puntos_puntos', 'default', 'Puntos - Ifac'),('36', 'eepp_paisajes_protegidos_benicadell', 'default', 'Límite del Paisaje Protegido - Ombria del Benicadell'),('36', 'eepp_parques_naturales_porn_font_roja', 'default', 'Límite Parque Natural - Font Roja'),('36', 'eepp_limite_prug_columbretes', 'default', 'Límite P.R.U.G. - Illes Columbretes'),('36', 'eepp_parques_naturales_prug_mata', 'default', 'Límite Parque Natural - Mata-Torrevieja'),('36', 'parq_mariola_porn_zonificacion', 'default', 'Zonificación P.O.R.N. - Mariola'),('36', 'parq_font_roja_porn_zonificacion', 'default', 'Zonificación P.O.R.N. - Font Roja'),('36', 'eepp_porn_calderona', 'default', 'P.O.R.N. - Calderona'),('36', 'parq_irta_porn_zonificacion_terrestre', 'default', 'Zonificación P.O.R.N. parte terrestre - Irta'),('36', 'parq_mariola_prug_areas_plan_especial', 'default', 'Áreas sometidas a Plan Especial - Mariola'),('36', 'eepp_porn_mariola', 'default', 'P.O.R.N. - Mariola'),('36', 'eepp_limite_prug_irta', 'default', 'Límite P.R.U.G. - Irta'),('36', 'eepp_mon_naturales_amortiguacion', 'default', 'Zona de Amortiguación de Monumentos Naturales'),('36', 'eepp_porn_albufera', 'default', 'P.O.R.N. - Albufera'),('36', 'parq_turia_porn_zonificacion_porn', 'default', 'Zonificación P.O.R.N. - Turia'),('36', 'eepp_limite_prug_ifac', 'default', 'Límite P.R.U.G. - Ifac'),('36', 'parq_santa_pola_prug_zonificacion', 'default', 'Zonificación P.R.U.G. - Santa Pola'),('36', 'eepp_limite_porn_prug_calderona', 'default', 'Límite P.O.R.N. - Calderona'),('36', 'parq_fondo_prug_zonificacion', 'default', 'Zonificación P.R.U.G. - El Fondo'),('36', 'eepp_porn_puebla', 'default', 'P.O.R.N. - Puebla de San Miguel'),('36', 'parq_prat_cabanes_prug_centro_informacion', 'default', 'Centro de información - Cabanes-Torreblanca'),('36', 'eepp_parques_naturales_limite_porn_hoces_cabriel', 'default', 'Límite Parque Natural - Hoces del Cabriel'),('36', 'parq_prat_cabanes_prug_aparcamientos', 'default', 'Aparcamientos - Cabanes-Torreblanca'),('36', 'eepp_porn_gelada', 'default', 'P.O.R.N. - Serra Gelada'),('36', 'eepp_parques_naturales_porn_puebla', 'default', 'Límite Parque Natural - Puebla de San Miguel'),('36', 'eepp_porn_porn_cabanes', 'default', 'P.O.R.N. - Cabanes-Torreblanca'),('36', 'parq_mariola_prug_zonificacion', 'default', 'Zonificación P.R.U.G. - Mariola'),('36', 'parq_espadan_prug_zonificacion_reserva', 'default', 'Áreas de reserva: RE - Polígonos - Espadà'),('36', 'eepp_porn_penyagolosa', 'default', 'P.O.R.N. - Penyagolosa');
INSERT INTO owgvgeoportal.capas_servicio_web (id_capa_servicio_web, nombre_capa, estilo_capa, titulo_capa) VALUES ('36', 'eepp_limite_porn_turia', 'default', 'P.O.R.N. - Turia'),('36', 'eepp_limite_prug_font_roja', 'default', 'Límite P.R.U.G. - Font Roja'),('36', 'parq_calderona_prug_cuevas', 'default', 'Cuevas - Calderona'),('36', 'eepp_limite_porn_prug_irta', 'default', 'Límite P.O.R.N. - Irta'),('36', 'parq_font_roja_prug_telecomunicaciones', 'default', 'Telecomunicaciones - Font Roja'),('36', 'parq_ifac_prug_caminos_red_caminos', 'default', 'Red de Caminos - Ifac'),('36', 'parq_serra_gelada_porn_zonificacion', 'default', 'Zonificación P.O.R.N. - Serra Gelada'),('36', 'eepp_limite_prug_desert', 'default', 'Límite P.R.U.G. - Desert'),('36', 'eepp_parques_naturales_prug_irta', 'default', 'Límite del Parque Natural - Irta'),('36', 'eepp_parques_naturales_prug_espada', 'default', 'Límite Parque Natural - Espadà'),('36', 'parq_montgo_prug_zonificacion_prug', 'default', 'Zonificación P.R.U.G. - Montgó'),('36', 'parq_calderona_prug_senderos', 'default', 'Senderos - Calderona'),('36', 'eepp_paisajes_protegidos', 'default', 'Paisajes Protegidos'),('36', 'parq_font_roja_porn_paraje_municipal', 'default', 'Paraje Natural Municipal Racó de Sant Bonaventura - Font Roja'),('36', 'eepp_parques_naturales_sistema_zonas_humedas', 'default', 'Límite Parque Natural - Fondo Salines Mata-Torrevieja'),('36', 'parq_espadan_porn_zonificacion', 'default', 'Zonificación P.O.R.N. - Espadà'),('36', 'eepp_rutas_parques', 'default', 'Rutas de los Parques Naturales'),('36', 'eepp_porn_montgo', 'default', 'P.O.R.N. - Montgó'),('36', 'eepp_parques_naturales_porn_penyagolosa', 'default', 'Límite Parque Natural - Penyagolosa'),('37', 'biod_habitats10000_recintos', 'default', 'Recintos vegetación'),('37', 'biod_plan_recuperacion_malvasia', 'default', 'Plan de recuperación de la Malvasía'),('37', 'biod_plan_recuperacion_gavina_corsa', 'default', 'Plan de recuperación de la Gaviota de Audouin'),('37', 'biod_marcos_habitats_corine', 'default', 'Marcos cartografía Corine'),('37', 'biod_habitats10000_comunitario', 'default', 'Hábitats interés comunitario'),('37', 'biod_reservas_de_fauna', 'default', 'Reservas de fauna'),('37', 'biod_areas_prioritarias', 'default', 'Áreas prioritarias'),('37', 'eepp_habitats', 'default', 'Hábitats 1:50.000'),('37', 'biod_habitats10000_corine', 'default', 'Hábitats Corine'),('37', 'biod_plan_recuperacion_gavina_corsa_avifauna', 'default', 'Plan de recuperación de la Gaviota de Audouin'),('37', 'biod_plan_recuperacion_recup_silene_cons', 'default', 'Áreas de conservación de la Silene de Ifac'),('37', 'biod_areas_de_conservacion_fartet', 'default', 'Áreas de conservación del Plan de recuperación del Fartet'),('37', 'eepp_microrreservas', 'default', 'Microrreservas'),('37', 'eepp_zepas', 'default', 'ZEPAs'),('37', 'biod_anfibios', 'default', 'LIFE - Anfibios'),('37', 'biod_plan_recuperacion_samaruc', 'default', 'Plan de recuperación del Samaruc'),('37', 'biod_marcos_habitats_comunitario', 'default', 'Marcos cartografía Interés comunitario'),('37', 'biod_plan_recuperacion_malvasia_avifauna', 'default', 'Plan de recuperación de la Malvasía'),('37', 'biod_plan_recuperacion_recup_cistus_cons', 'default', 'Áreas de conservación del Cistus heterophyllus'),('37', 'biod_areas_de_recuperacion_fartet', 'default', 'Áreas de recuperación del Plan de recuperación del Fartet'),('37', 'biod_marcos_habitats_recintos', 'default', 'Marcos cartografía Recintos vegetación'),('37', 'biod_plan_recuperacion_murcielagos_areas_refugio', 'default', 'Áreas Refugio - Plan de recuperación Murciélago Ratonero Patudo y Murciélago Mediano de Herradura'),('37', 'biod_plan_recuperacion_recup_limonium_cons', 'default', 'Áreas de conservación del Limonium perplexum'),('37', 'biod_plan_recuperacion_murcielagos_boca_cavidad', 'default', 'Boca Cavidad - Plan de recuperación Murciélago Ratonero Patudo y Murciélago Mediano de Herradura'),('38', 'orde_red_cauces', 'default', 'Red de Cauces'),('38', 'orde_ET_areas_funcionales', 'default', 'Áreas funcionales'),('38', 'orde_ET_area_urbana_integrada', 'default', 'Área urbana integrada'),('38', 'orde_estudios_inun', 'default', 'Estudios de Inundabilidad'),('38', 'orde_ET__municipios_tipo_nodo', 'default', 'Tipo de nodo'),('38', 'orde_ET_municipios_SNR', 'default', 'Sistema nodal de referencia'),('38', 'orde_riesgo_inun', 'default', 'Riesgo de Inundación'),('38', 'orde_peligrosidad_inun_geomorfologica', 'default', 'Peligrosidad por Inundación Geomorfológica');
INSERT INTO owgvgeoportal.capas_servicio_web (id_capa_servicio_web, nombre_capa, estilo_capa, titulo_capa) VALUES ('38', 'orde_envolvente_pel_inun', 'default', 'Envolvente de Peligrosidad por Inundación'),('38', 'orde_peligrosidad_inun_2', 'default', 'Peligrosidad por Inundación - 2'),('38', 'orde_ET_comarcas', 'default', 'Comarcas'),('38', 'orde_peligrosidad_inun_1', 'default', 'Peligrosidad por Inundación - 1'),('38', 'orde_peligrosidad_inun_6', 'default', 'Peligrosidad por Inundación - 6'),('38', 'orde_peligrosidad_inun_4', 'default', 'Peligrosidad por Inundación - 4'),('38', 'orde_ET_municipios_ambito', 'default', 'Ámbito'),('38', 'orde_peligrosidad_inun_3', 'default', 'Peligrosidad por Inundación - 3'),('38', 'orde_peligrosidad_inun_5', 'default', 'Peligrosidad por Inundación - 5'),('39', 'atmo_calidad_municipios_cont_amb_mejora_calidad', 'default', 'Plan de mejora de calidad del aire'),('39', 'atmo_centros_aut_ambiental_10_General_ETRS89', 'default', '10 General - ETRS89'),('39', 'atmo_centros_aut_ambiental_1_Detalle_ETRS89', 'default', '1 Detalle - ETRS89'),('39', 'atmo_ruido_municipios_cont_acus_MER_obligacion', 'default', 'Aglomeraciones con obligación de MER'),('39', 'atmo_ruido_municipios_cont_acus_ZAS_declarada', 'default', 'ZAS declaradas'),('39', 'atmo_calidad_zonas_cv', 'default', 'Zonas de calidad del aire'),('39', 'atmo_centros_aut_ambiental_3_General_ETRS89', 'default', '3 General - ETRS89'),('39', 'atmo_centros_aut_ambiental_4_Detalle_ETRS89', 'default', '4 Detalle - ETRS89'),('39', 'atmo_centros_aut_ambiental_8_General_ED50', 'default', '8 General - ED50'),('39', 'atmo_centros_aut_ambiental_1_General_ED50', 'default', '1 General - ED50'),('39', 'atmo_calidad_estaciones', 'default', 'Red de vigilancia y control de la contaminación atmosférica'),('39', 'atmo_centros_aut_ambiental_9_Detalle_ED50', 'default', '9 Detalle -  ED50'),('39', 'atmo_centros_aut_ambiental_9_General_ED50', 'default', '9 General - ED50'),('39', 'atmo_centros_aut_ambiental_8_General_ETRS89', 'default', '8 General - ETRS89'),('39', 'atmo_centros_aut_ambiental_7_General_ETRS89', 'default', '7 General - ETRS89'),('39', 'atmo_centros_aut_ambiental_5_General_ETRS89', 'default', '5 General - ETRS89'),('39', 'atmo_centros_aut_ambiental_10_Detalle_ED50', 'default', '10 Detalle - ED50'),('39', 'atmo_ruido_municipios_cont_acus_PAM_obligacion', 'default', 'Municipios con obligación declarar PAM'),('39', 'atmo_ruido_municipios_cont_acus_plan_accion_obligacion', 'default', 'Aglomeraciones con obligación de Plan de Acción'),('39', 'atmo_ruido_municipios_cont_acus_PAM_aprobado', 'default', 'Municipios con PAM aprobado'),('39', 'atmo_centros_aut_ambiental_4_General_ED50', 'default', '4 General - ED50'),('39', 'atmo_centros_aut_ambiental_1_Detalle_ED50', 'default', '1 Detalle - ED50'),('39', 'atmo_centros_aut_ambiental_6_General_ETRS89', 'default', '6 General - ETRS89'),('39', 'atmo_centros_aut_ambiental_10_General_ED50', 'default', '10 General - ED50'),('39', 'atmo_centros_aut_ambiental_7_Detalle_ETRS89', 'default', '7 Detalle - ETRS89'),('39', 'atmo_calidad_estaciones_ozono', 'default', 'Estaciones de Ozono'),('39', 'atmo_centros_aut_ambiental_6_Detalle_ED50', 'default', '6 Detalle -ED50'),('39', 'atmo_centros_aut_ambiental_2_Detalle_ETRS89', 'default', '2 Detalle - ETRS89'),('39', 'atmo_centros_aut_ambiental_3_General_ED50', 'default', '3 General - ED50'),('39', 'atmo_centros_aut_ambiental_6_General_ED50', 'default', '6 General - ED50'),('39', 'atmo_centros_aut_ambiental_5_Detalle_ETRS89', 'default', '5 Detalle - ETRS89'),('39', 'atmo_centros_aut_ambiental_11_Detalle_ED50', 'default', '11 Detalle - ED50'),('39', 'atmo_centros_aut_ambiental_3_Detalle_ETRS89', 'default', '3 Detalle - ETRS89'),('39', 'atmo_centros_aut_ambiental_4_General_ETRS89', 'default', '4 General - ETRS89'),('39', 'atmo_centros_aut_ambiental_11_General_ETRS89', 'default', '11 General - ETRS89'),('39', 'atmo_centros_aut_ambiental_7_General_ED50', 'default', '7 General - ED50'),('39', 'atmo_centros_aut_ambiental_5_Detalle_ED50', 'default', '5 Detalle - ED50'),('39', 'atmo_centros_aut_ambiental_11_General_ED50', 'default', '11 General - ED50'),('39', 'atmo_ruido_municipios_cont_acus_ZAS_remitida', 'default', 'Propuestas de ZAS remitidas a la Conselleria'),('39', 'atmo_centros_aut_ambiental_6_Detalle_ETRS89', 'default', '6 Detalle -ETRS89'),('39', 'atmo_centros_aut_ambiental_8_Detalle_ETRS89', 'default', '8 Detalle - ETRS89'),('39', 'atmo_centros_aut_ambiental_5_General_ED50', 'default', '5 General - ED50');
INSERT INTO owgvgeoportal.capas_servicio_web (id_capa_servicio_web, nombre_capa, estilo_capa, titulo_capa) VALUES ('39', 'atmo_centros_aut_ambiental_2_General_ED50', 'default', '2 General - ED50'),('39', 'atmo_calidad_municipios_cont_amb_mejora_NO2', 'default', 'Plan de mejora para NO2'),('39', 'atmo_centros_aut_ambiental_1_General_ETRS89', 'default', '1 General - ETRS89'),('39', 'atmo_centros_aut_ambiental_10_Detalle_ETRS89', 'default', '10 Detalle - ETRS89'),('39', 'atmo_calidad_municipios_cont_amb_mejora_PM10', 'default', 'Plan de mejora para PM10'),('39', 'atmo_centros_aut_ambiental_2_Detalle_ED50', 'default', '2 Detalle - ED50'),('39', 'atmo_centros_aut_ambiental_4_Detalle_ED50', 'default', '4 Detalle - ED50'),('39', 'atmo_centros_aut_ambiental_9_General_ETRS89', 'default', '9 General - ETRS89'),('39', 'atmo_centros_aut_ambiental_8_Detalle_ED50', 'default', '8 Detalle - ED50'),('39', 'atmo_centros_aut_ambiental_11_Detalle_ETRS89', 'default', '11 Detalle - ETRS89'),('39', 'atmo_centros_aut_ambiental_9_Detalle_ETRS89', 'default', '9 Detalle -  ETRS89'),('39', 'atmo_ruido_municipios_cont_acus_PAM_remitido', 'default', 'Municipios con PAM remitido a la Conselleria'),('39', 'atmo_centros_aut_ambiental_3_Detalle_ED50', 'default', '3 Detalle - ED50'),('39', 'atmo_centros_aut_ambiental_2_General_ETRS89', 'default', '2 General - ETRS89'),('39', 'atmo_centros_aut_ambiental_7_Detalle_ED50', 'default', '7 Detalle - ED50'),('40', 'coput_red_hidrografica', 'default', 'Red hidrográfica'),('40', 'infra_calzadas_romanas_ramal_alicante', 'default', 'Ramal Alicante'),('40', 'coput_accesibilidad_de_acuiferos_1995', 'default', 'Accesibilidad de acuíferos'),('40', 'coput_riesgo_de_deslizamientos_puntuales_1991', 'default', 'Riesgo de deslizamientos y desprendimientos puntuales'),('40', 'coput_afecciones_por_carreteras_del_estado', 'default', 'Afecciones por carreteras del estado'),('40', 'coput_nucleos_urbanizados', 'default', 'Núcleos urbanizados'),('40', 'coput_equipamiento_energetico', 'default', 'Equipamiento energético'),('40', 'coput_litologia_1991', 'default', 'Litología'),('40', 'coput_riesgo_de_erosion_potencial_1992', 'default', 'Riesgo de erosión potencial'),('40', 'coput_riesgo_de_erosion_actual_1992', 'default', 'Riesgo de erosión actual'),('40', 'coput_red_ferroviaria_renfe', 'default', 'Red ferroviaria RENFE'),('40', 'coput_red_ferroviaria_fgv', 'default', 'Ferrocarrils de la Generalitat Valenciana'),('40', 'coput_capacidad_de_uso_del_suelo_1992', 'default', 'Capacidad de uso del suelo'),('40', 'coput_rios_y_ramblas', 'default', 'Ríos y ramblas'),('40', 'coput_curvas_de_nivel_100', 'default', 'Curvas de nivel cada 100 metros'),('40', 'coput_fisiografia_1992', 'default', 'Fisiografía'),('40', 'coput_riesgo_de_deslizamientos_poligonos_1991', 'default', 'Riesgo de deslizamientos y desprendimientos'),('40', 'infra_calzadas_romanas_via_augusta', 'default', 'Vía Augusta'),('40', 'infra_calzadas_romanas_via_dianium', 'default', 'Vía Dianium'),('40', 'coput_aprovechamiento_de_rocas_industriales_poligonos_1991', 'default', 'Aprovechamiento de rocas industriales'),('40', 'coput_afecciones_por_carreteras_de_la_comunidad', 'default', 'Afecciones por carreteras de la comunidad'),('40', 'coput_aprovechamiento_de_rocas_industriales_puntuales_1991', 'default', 'Aprovechamientos industriales puntuales'),('40', 'coput_masas_de_agua', 'default', 'Masas de agua'),('40', 'coput_yacimientos_arqueologicos', 'default', 'Yacimientos arqueológicos'),('40', 'coput_vulnerabilidad_de_acuiferos_1995', 'default', 'Vulnerabilidad de acuíferos'),('40', 'coput_riesgo_de_inundaciones_1993', 'default', 'Riesgo de inundaciones'),('40', 'coput_curvas_de_nivel_20', 'default', 'Curvas de nivel 20 metros'),('41', 'resi_areas_gestion', 'default', 'Áreas de Gestión'),('41', 'resi_generacion_residuos_domesticos', 'default', 'Generación de residuos domésticos 2012 (Tn)'),('41', 'resi_planes_zonales', 'default', 'Planes Zonales PIRCV'),('41', 'resi_zonas_aptas_vertederos', 'default', 'Zonas aptas para vertederos'),('41', 'resi_instalaciones_de_residuos_domesticos', 'default', 'Instalaciones de residuos domésticos'),('42', 'caype_reserva_anguila_pol', 'default', 'Reserva anguila - Marjales'),('42', 'caype_caza_danyos_conejo', 'default', 'Municipios afectados por daños de conejo'),('42', 'caype_reserva_anguila_lin', 'default', 'Reserva anguila - Ríos y azarbes'),('42', 'caype_caza_arrui', 'default', 'Zona de control del Arruí');
INSERT INTO owgvgeoportal.capas_servicio_web (id_capa_servicio_web, nombre_capa, estilo_capa, titulo_capa) VALUES ('42', 'caype_pesca_calidad_rios_truch', 'default', 'Indice calidad ambiental ríos trucheros'),('42', 'caype_invasoras_micropterus', 'default', 'Micropterus salmoides'),('42', 'caype_caza_eencc_ext', 'default', 'Espacios no cinegéticos'),('42', 'caype_invasoras_procambarus', 'default', 'Procambarus clarkii'),('42', 'caype_pesca', 'default', 'Cotos de pesca'),('42', 'caype_caza_danyos_conejo_afec', 'default', 'Area afección municipios afectados por daños de conejo'),('42', 'caype_caza_eecc_ext', 'default', 'Espacios cinegéticos'),('42', 'caype_invasoras_oncorhynchus', 'default', 'Oncorhynchus mykiss'),('43', 'formasorigenmarino', 'default', 'Formas de origen marino'),('43', 'riesgos_cttk', 'default', 'Terrenos kársticos'),('43', 'otrasfof', 'default', 'Otras formas'),('43', 'pendiente', 'default', 'Pendientes mayores y menores de 15º'),('43', 'riesgos_ctc22', 'default', 'Arcillas medias y arenas'),('43', 'riesgos_ctc8', 'default', 'Arcillas medias'),('43', 'riesgos_ctt12', 'default', 'Materia orgánica inundable'),('43', 'litomorfologia', 'default', 'Litomorfología'),('43', 'litologia', 'default', 'Litología'),('43', 'formasorigenestructural', 'default', 'Formas de origen estructural'),('43', 'riesgos_ctc4', 'default', 'Gravas'),('43', 'riesgos_ctc9', 'default', 'Arcillas blandas y muy blandas'),('43', 'riesgos_entorno', 'default', 'Entorno del edificio'),('43', 'paleocauces', 'default', 'Paleocauces'),('43', 'riesgos_geomorf', 'default', 'Riesgos'),('43', 'riesgos_ctc2', 'default', 'Calizas, dolomías'),('43', 'escarpe', 'default', 'Escarpe'),('43', 'riesgos_ctt14', 'default', 'Ladera inestable/deslizamiento'),('43', 'hojas24', 'default', 'Hojas 24'),('43', 'a_carr_trazado_cv', '', 'Carreteras'),('43', 'zonas_pluviometricas', '', 'Zona pluviométrica'),('43', 'zonas_clim', 'default', 'Zonas climáticas CTE'),('43', 'isoyetas', 'default', 'Isoyetas'),('43', 'zonas_intensidad_pluviometrica', 'default', 'Zonas intensidad pluviométrica CTE'),('43', 'riesgos_ctc21', 'default', 'Arcillas medias, gravas y arenas'),('43', 'riesgos_cttsusu', 'default', 'Suelos sueltos'),('43', 'riesgos_cttfly', 'default', 'Flysch'),('43', 'riesgos_ctc19', 'default', 'Arcillas duras, gravas y conglomerado'),('43', 'riesgos_ctt16', 'default', 'Depresiones kársticas'),('43', 'promociones_pdc', 'default', 'Viviendas Perfil de Calidad'),('43', 'riesgos_ctt11', 'default', 'Zonas inundables'),('43', 'formasorigencarstico', 'default', 'Formas de origen karstico'),('43', 'riesgos_ctc20', 'default', 'Arcillas duras y arenas'),('43', 'zonas_eolicas', 'default', 'Zonas eólicas CTE'),('43', 'riesgos_ctc6', 'default', 'Arenas flojas y muy flojas'),('43', 'viento', '', 'Lluvia batiente'),('43', 'riesgos_ctc18', 'default', 'Pizarras'),('43', 'riesgos_cttsuex', 'default', 'Suelos expansivos'),('43', 'riesgos_ctt17', 'default', 'Espesor conocido de suelos blandos'),('43', 'glacis', 'default', 'Glacis'),('43', 'riesgos_ctc5', 'default', 'Arenas medias, densas y muy densas'),('43', 'zonas_eolica', '', 'Zona eólica'),('43', 'ficha_laboratorios', 'default', 'Fichas de laboratorios');
INSERT INTO owgvgeoportal.capas_servicio_web (id_capa_servicio_web, nombre_capa, estilo_capa, titulo_capa) VALUES ('43', 'riesgos_ctt15', 'default', 'Nivel freático alto'),('43', 'ruido', 'default', 'Ruido. Información acústica'),('43', 'zonas_pluviometricas_promedio', 'default', 'Zonas pluviométricas promedio'),('43', 'zonas_energia', '''''', 'Zona energía'),('43', 'riesgos_ctt13', 'default', 'Yesos'),('43', 'riesgos_ct8', 'default', 'Limos'),('43', 'riesgos_ctc3', 'default', 'Areniscas, conglomerados, costras y otros'),('43', 'riesgos_ctc1', 'default', 'Margas'),('43', 'riesgos_ctc7', 'default', 'Arcillas duras'),('43', 'riesgos_ctc10', 'default', 'Margas y calizas'),('43', 'riesgos_cttsuco', 'default', 'Suelos colapsables'),('43', 'aceleracion_sismica', 'default', 'Peligrosidad sísmica'),('44', 'atlas_clima_PMM_noviembre', 'default', 'Prec. noviembre [mm]'),('44', 'atlas_clima_TMMIN_febrero', 'default', 'Ta media de las mínimas febrero [C]'),('44', 'atlas_clima_TMIN_diciembre', 'default', 'Ta mínima diciembre [C]'),('44', 'atlas_clima_PMM_marzo', 'default', 'Prec. marzo [mm]'),('44', 'atlas_clima_TMIN_julio', 'default', 'Ta mínima julio [C]'),('44', 'atlas_clima_TMMIN_mayo', 'default', 'Ta media de las mínimas mayo [C]'),('44', 'atlas_clima_TMMIN_septiembre', 'default', 'Ta media de las mínimas septiembre [C]'),('44', 'atlas_clima_PMM_agosto', 'default', 'Prec. agosto [mm]'),('44', 'atlas_clima_T_octubre', 'default', 'Ta media octubre [C]'),('44', 'atlas_clima_PMM_septiembre', 'default', 'Prec. septiembre [mm]'),('44', 'atlas_clima_TMMAX_marzo', 'default', 'Ta media de las máximas marzo [C]'),('44', 'atlas_clima_T_diciembre', 'default', 'Ta media diciembre [C]'),('44', 'atlas_clima_TMIN_agosto', 'default', 'Ta mínima agosto [C]'),('44', 'atlas_clima_TMAX_abril', 'default', 'Ta máxima abril [C]'),('44', 'atlas_clima_TMAX_primavera', 'default', 'Ta máxima primavera [C]'),('44', 'atlas_clima_TMAX_julio', 'default', 'Ta máxima julio [C]'),('44', 'atlas_clima_TMAX_anual', 'default', 'Temperatura máxima anual [C]'),('44', 'atlas_clima_PMM_verano', 'default', 'Prec. verano [mm]'),('44', 'atlas_clima_TMAX_diciembre', 'default', 'Ta máxima diciembre [C]'),('44', 'atlas_clima_T_noviembre', 'default', 'Ta media noviembre [C]'),('44', 'atlas_clima_T_marzo', 'default', 'Ta media marzo [C]'),('44', 'atlas_clima_TMMIN_marzo', 'default', 'Ta media de las mínimas marzo [C]'),('44', 'atlas_clima_TMMAX_otonyo', 'default', 'Ta media de las máximas otoño [C]'),('44', 'atlas_clima_TMMAX_noviembre', 'default', 'Ta media de las máximas noviembre [C]'),('44', 'atlas_clima_TMIN_invierno', 'default', 'Ta mínima invierno [C]'),('44', 'atlas_clima_T_agosto', 'default', 'Ta media agosto [C]'),('44', 'atlas_clima_TMAX_junio', 'default', 'Ta máxima junio [C]'),('44', 'atlas_clima_TMMIN_invierno', 'default', 'Ta media de las mínimas invierno [C]'),('44', 'atlas_clima_TMMAX_octubre', 'default', 'Ta media de las máximas octubre [C]'),('44', 'atlas_clima_TMAX_septiembre', 'default', 'Ta máxima septiembre [C]'),('44', 'atlas_clima_TMMAX_diciembre', 'default', 'Ta media de las máximas diciembre [C]'),('44', 'atlas_clima_TMMAX_invierno', 'default', 'Ta media de las máximas invierno [C]'),('44', 'atlas_clima_PMM_julio', 'default', 'Prec. julio [mm]'),('44', 'atlas_clima_TMMIN_octubre', 'default', 'Ta media de las mínimas octubre [C]'),('44', 'atlas_clima_TMMIN_otonyo', 'default', 'Ta media de las mínimas otoño [C]'),('44', 'atlas_clima_TMIN_mayo', 'default', 'Ta mínima mayo [C]'),('44', 'atlas_clima_PMM_febrero', 'default', 'Prec. febrero [mm]'),('44', 'atlas_clima_TMMAX_septiembre', 'default', 'Ta media de las máximas septiembre [C]'),('44', 'atlas_clima_TMIN_septiembre', 'default', 'Ta mínima septiembre [C]');
INSERT INTO owgvgeoportal.capas_servicio_web (id_capa_servicio_web, nombre_capa, estilo_capa, titulo_capa) VALUES ('44', 'atlas_clima_TMIN_febrero', 'default', 'Ta mínima febrero [C]'),('44', 'atlas_clima_T_invierno', 'default', 'Ta media invierno [C]'),('44', 'atlas_clima_PMM_enero', 'default', 'Prec. enero [mm]'),('44', 'atlas_clima_TMMIN_verano', 'default', 'Ta media de las mínimas verano [C]'),('44', 'atlas_clima_TMAX_agosto', 'default', 'Ta máxima agosto [C]'),('44', 'atlas_clima_TMAX_marzo', 'default', 'Ta máxima marzo [C]'),('44', 'atlas_clima_PMM_abril', 'default', 'Prec. abril [mm]'),('44', 'atlas_clima_T_junio', 'default', 'Ta media junio [C]'),('44', 'atlas_clima_TMAX_mayo', 'default', 'Ta máxima mayo [C]'),('44', 'atlas_clima_T_otonyo', 'default', 'Ta media otoño [C]'),('44', 'atlas_clima_PMM_junio', 'default', 'Prec. junio [mm]'),('44', 'atlas_clima_TMMAX_abril', 'default', 'Ta media de las máximas abril [C]'),('44', 'atlas_clima_TMMAX_mayo', 'default', 'Ta media de las máximas mayo [C]'),('44', 'atlas_clima_TMIN_enero', 'default', 'Ta mínima enero [C]'),('44', 'atlas_clima_TMMIN_primavera', 'default', 'Ta media de las mínimas primavera [C]'),('44', 'atlas_clima_TMMIN_diciembre', 'default', 'Ta media de las mínimas diciembre [C]'),('44', 'atlas_clima_TMMIN_anual', 'default', 'Temperatura media de las mínimas anual [C]'),('44', 'atlas_clima_T_septiembre', 'default', 'Ta media septiembre [C]'),('44', 'atlas_clima_T_anual', 'default', 'Temperatura media anual [C]'),('44', 'atlas_clima_T_febrero', 'default', 'Ta media febrero [C]'),('44', 'atlas_clima_TMIN_primavera', 'default', 'Ta mínima primavera [C]'),('44', 'atlas_clima_TMAX_noviembre', 'default', 'Ta máxima noviembre [C]'),('44', 'atlas_clima_PMM_mayo', 'default', 'Prec. mayo [mm]'),('44', 'atlas_clima_T_abril', 'default', 'Ta media abril [C]'),('44', 'atlas_clima_TMAX_febrero', 'default', 'Ta máxima febrero [C]'),('44', 'atlas_clima_TMMIN_julio', 'default', 'Ta media de las mínimas julio [C]'),('44', 'atlas_clima_PMM_diciembre', 'default', 'Prec. diciembre [mm]'),('44', 'atlas_clima_TMIN_verano', 'default', 'Ta mínima verano [C]'),('44', 'atlas_clima_TMMAX_verano', 'default', 'Ta media de las máximas verano [C]'),('44', 'atlas_clima_T_primavera', 'default', 'Ta media primavera [C]'),('44', 'atlas_clima_TMMAX_febrero', 'default', 'Ta media de las máximas febrero [C]'),('44', 'atlas_clima_TMIN_abril', 'default', 'Ta mínima abril [C]'),('44', 'atlas_clima_TMMAX_anual', 'default', 'Temperatura media de las máximas anual [C]'),('44', 'atlas_clima_TMIN_marzo', 'default', 'Ta mínima marzo [C]'),('44', 'atlas_clima_PMM_octubre', 'default', 'Prec. octubre [mm]'),('44', 'atlas_clima_TMMIN_agosto', 'default', 'Ta media de las mínimas agosto [C]'),('44', 'atlas_clima_TMAX_verano', 'default', 'Ta máxima verano [C]'),('44', 'atlas_clima_TMIN_junio', 'default', 'Ta mínima junio [C]'),('44', 'atlas_clima_TMMAX_junio', 'default', 'Ta media de las máximas junio [C]'),('44', 'atlas_clima_TMMIN_enero', 'default', 'Ta media de las mínimas enero [C]'),('44', 'atlas_clima_TMMAX_julio', 'default', 'Ta media de las máximas julio [C]'),('44', 'atlas_clima_TMMAX_agosto', 'default', 'Ta media de las máximas agosto [C]'),('44', 'atlas_clima_TMAX_otonyo', 'default', 'Ta máxima otoño [C]'),('44', 'atlas_clima_TMAX_enero', 'default', 'Ta máxima enero [C]'),('44', 'atlas_clima_T_verano', 'default', 'Ta media verano [C]'),('44', 'atlas_clima_PMM_primavera', 'default', 'Prec. primavera [mm]'),('44', 'atlas_clima_PMM_otonyo', 'default', 'Prec. otoño [mm]'),('44', 'atlas_clima_TMAX_octubre', 'default', 'Ta máxima octubre [C]'),('44', 'atlas_clima_T_julio', 'default', 'Ta media julio [C]'),('44', 'atlas_clima_TMMIN_junio', 'default', 'Ta media de las mínimas junio [C]'),('44', 'atlas_clima_TMIN_anual', 'default', 'Temperatura mínima anual [C]');
INSERT INTO owgvgeoportal.capas_servicio_web (id_capa_servicio_web, nombre_capa, estilo_capa, titulo_capa) VALUES ('44', 'atlas_clima_PMM_invierno', 'default', 'Prec. invierno [mm]'),('44', 'atlas_clima_estaciones_meteo_validadas_cv', 'default', 'Estaciones de referencia'),('44', 'atlas_clima_PMM_anual', 'default', 'Precipitación acumulada anual [mm]'),('44', 'atlas_clima_datosclima', 'default', 'Cuadrícula de referencia'),('44', 'atlas_clima_TMIN_otonyo', 'default', 'Ta mínima otoño [C]'),('44', 'atlas_clima_TMMIN_noviembre', 'default', 'Ta media de las mínimas noviembre [C]'),('44', 'atlas_clima_TMIN_octubre', 'default', 'Ta mínima octubre [C]'),('44', 'atlas_clima_TMAX_invierno', 'default', 'Ta máxima invierno [C]'),('44', 'atlas_clima_TMIN_noviembre', 'default', 'Ta mínima noviembre [C]'),('44', 'atlas_clima_T_enero', 'default', 'Ta media enero [C]'),('44', 'atlas_clima_TMMAX_enero', 'default', 'Ta media de las máximas enero [C]'),('44', 'atlas_clima_T_mayo', 'default', 'Ta media mayo [C]'),('44', 'atlas_clima_TMMAX_primavera', 'default', 'Ta media de las máximas primavera [C]'),('44', 'atlas_clima_TMMIN_abril', 'default', 'Ta media de las mínimas abril [C]'),('45', 'DICS', '', 'DICS cruzados con catastro con exito ETRS89HU30'),('46', 'CONSTRU', 'Default', 'CONSTRU'),('46', 'SUBPARCE', 'Default', 'SUBPARCE'),('46', 'TEXTOS', 'Default', 'TEXTOS'),('46', 'PARCELA', 'Default', 'PARCELA'),('46', 'LIMITES', 'Default', 'LIMITES'),('46', 'EJES', 'Default', 'EJES'),('46', 'TXTCONSTRU', 'Default', 'TXTCONSTRU'),('46', 'TXTPARCELA', 'Default', 'TXTPARCELA'),('46', 'Catastro', 'Default', 'Catastro'),('46', 'MASA', 'Default', 'MASA'),('46', 'TXTSUBPARCE', 'Default', 'TXTSUBPARCE'),('46', 'TXTMASA', 'Default', 'TXTMASA'),('46', 'ELEMLIN', 'Default', 'ELEMLIN'),('47', 'instalaciones_epsar_label', 'default', 'Instalaciones EPSAR etiquetas'),('47', 'instalaciones_epsar_f', 'default', 'Instalaciones EPSAR'),('48', 'edu_centres', '', 'Centres Educatius'),('49', 'centros_polivalente', 'default', 'Centros Polivalentes'),('49', 'otro_centro_asistencia', 'default', 'Otros Proveedores de Asistencia Sanitaria sin internamiento'),('49', 'centros_transfusion', 'default', 'Centros de Transfusión'),('49', 'ortopedias', 'default', 'Ortopedias'),('49', 'consultorio_auxiliar', 'default', 'Consultorio auxiliar de temporada'),('49', 'cirugia_mayor_ambulatoria', 'default', 'Centros de Cirugia Mayor Ambulatoria'),('49', 'cen_investigacion', 'default', 'Centros de Investigación Sanitaria'),('49', 'centros_diagnostico_imagen', 'default', 'Centros de Diagnóstico (Diagnóstico por la imagen)'),('49', 'consultorio_atencion', 'default', 'Consultorio de Atención Primaria'),('49', 'centros_salud', 'default', 'Centros de Salud'),('49', 'Farmacias', 'default', 'Farmacias y botiquines'),('49', 'hospital_especial', 'default', 'Hospital Especial'),('49', 'otro_centro_integrado', 'default', 'Servicios Sanitarios Integrados en una organización no Sanitaria'),('49', 'centros_analisis_clinicos', 'default', 'Centros de Diagnóstico - (Laboratorio Análisis Clínicos)'),('49', 'centros_salud_mental', 'default', 'Centros de Salud Mental'),('49', 'hospital_mental', 'default', 'Hospital de Salud Mental y Tratamiento de Toxicomanias'),('49', 'centros_dialisis', 'default', 'Centros de Diálisis'),('49', 'Desfibriladores', 'default', 'Desfibriladores'),('49', 'SAIP', 'default', 'SAIP Servicio de atención e información al paciente'),('49', 'centros_reconocimiento', 'default', 'Centros de Reconocimiento');
INSERT INTO owgvgeoportal.capas_servicio_web (id_capa_servicio_web, nombre_capa, estilo_capa, titulo_capa) VALUES ('49', 'otros_profesionales', 'default', 'Consulta de Otros Profesionales Sanitarios'),('49', 'hospital_general', 'default', 'Hospital General'),('49', 'centros_interrupcion', 'default', 'Centro de Interrupción Voluntaria de Embarazo'),('49', 'otro_especial', 'default', 'Otros Centros Especializados'),('49', 'optica', 'default', 'Óptica'),('49', 'Clinica_Dental', 'default', 'Clínica Dental'),('49', 'centros_reproduccion', 'default', 'Centros de Reproducción Humana Asistida'),('49', 'centros_periferico_muestras', 'default', 'Centros de Diagnóstico (Centro periférico de toma de muestras)'),('49', 'asociaciones', 'default', 'Asociaciones'),('49', 'consulta_medica', 'default', 'Consulta Médica'),('49', 'hospital_media', 'default', 'Hospital de Media y Larga Estancia'),('49', 'otro_internaminento', 'default', 'Otros Centros con internamiento'),('49', 'audiproptesis', 'default', 'Establecimientos de audioprótesis'),('49', 'centro_diagnostico', 'default', 'Centros de Diagnóstico'),('50', 'imd2013', 'default', 'Intensidad media 2013'),('50', 'fites', 'default', 'Puntos kilométricos'),('50', 'imd2012', 'default', 'Intensidad media 2012'),('50', 'imd2014', 'default', 'Intensidad media 2014'),('50', 'tramos_carreteras', 'default', 'Carreteras'),('51', 'historico1956', 'default', 'Red de carreteras 1956'),('51', 'historico1976', 'default', 'Red de carreteras 1976'),('51', 'Actual', 'default', 'Red de carreteras actual'),('51', 'casillas', 'default', 'Casillas de peones camineros'),('51', 'historico1909', 'default', 'Red de carreteras 1909'),('52', '78', 'default', 'Estado. Masas de agua superf. transición. Estado químico'),('52', '41', 'default', 'Punto control calidad sup. programa zonas protegidas'),('52', '216', 'default', 'PATRICAL. 40-08. Pérdidas del río hacia los acuíferos -hm3-año-'),('52', '47', 'default', 'Piezómetros todas las redes'),('52', '43', 'default', 'Punto control calidad sup. programa operativo'),('52', '63', 'default', 'Objetivos medioamb. Masas de agua subt. Horizonte global'),('52', '30', 'default', 'Medidas PHJ09. 01-Contaminación puntual -EDAR- -Inv. mill. eur.-'),('52', '208', 'default', 'PATRICAL. 80-08. Aportación acumulada a la red fluvial principal -hm3-año-'),('52', '227', 'default', 'Masas de agua superficial poligono Río'),('52', '96', 'default', 'Estado. Masas de agua superf. lago muy mod. Estado global'),('52', '230', 'default', 'Canales Principales'),('52', '9', 'default', 'Medidas PHJ09. 15-Otras med.: medidas estruct. defensa inund. -Ríos- -Inv. mill. eur.-'),('52', '130', 'default', 'Zonas afectadas por nitratos. Aguas superficiales lineales - Art.5'),('52', '174', 'default', 'Presiones. Evaluación masas agua sup. lago. Presión global puntual'),('52', '27', 'default', 'Medidas PHJ09. 06-Hidromorf: mejora otras cond. hidromorf. -Lagos y Embalses- -Inv. mill. eur.-'),('52', '207', 'default', 'PATRICAL. 80-08. Pérdidas del río hacia los acuíferos -hm3-año-'),('52', '214', 'default', 'PATRICAL. 40-08. Evapotranspiración real total anual -ETR- -mm-año-'),('52', '172', 'default', 'Presiones. Evaluación masas agua sup. transición. Presión global otras'),('52', '215', 'default', 'PATRICAL. 40-08. Evapotranspiración potencial total anual -ETP- -mm-año-'),('52', '224', 'default', 'Masas de agua superficial Costera'),('52', '53', 'default', 'Hidrometría red Albufera'),('52', '183', 'default', 'Presiones. Evaluación masas agua sup. río. Presión global morfológica'),('52', '13', 'default', 'Medidas PHJ09. 12-Otras med.: invest. y mejora conocimiento -Lagos y embalses- -Inv. mill. eur.-'),('52', '124', 'default', 'Estado. Masas de agua superf. río natural. Estado químico'),('52', '25', 'default', 'Medidas PHJ09. 07-Hidromorf: mejora regimen caudales -Ríos- -Inv. mill. eur.-'),('52', '182', 'default', 'Presiones. Evaluación masas agua sup. río. Presión global hidrológica'),('52', '140', 'default', 'Zonas protegidas. U. rec. continental embalse');
INSERT INTO owgvgeoportal.capas_servicio_web (id_capa_servicio_web, nombre_capa, estilo_capa, titulo_capa) VALUES ('52', '18', 'default', 'Medidas PHJ09. 08.3-Cant. agua: increm. recursos conv. -Otros-líneas- -Inv. mill. eur.-'),('52', '126', 'default', 'Estado. Masas de agua superf. río natural. Ind. físico-químicos'),('52', '139', 'default', 'Zonas protegidas. Zonas húmedas'),('52', '211', 'default', 'PATRICAL. 40-08. Escorrentía total anual -mm-año-'),('52', '136', 'default', 'Zonas protegidas. Dir. aves ZEPA'),('52', '72', 'default', 'Estado. Masas de agua subterránea. Estado químico'),('52', '205', 'default', 'PATRICAL. 80-08. Evapotranspiración real total anual -ETR- -mm-año-'),('52', '87', 'default', 'Estado. Masas de agua superf. costera muy mod. Ind. físico-químicos'),('52', '102', 'default', 'Estado. Masas de agua superf. lago natural. Estado global'),('52', '52', 'default', 'Hidrometría todas las redes'),('52', '180', 'default', 'Presiones. Evaluación masas agua sup. río. Presión global puntual'),('52', '97', 'default', 'Estado. Masas de agua superf. lago muy mod. Estado ecológico'),('52', '119', 'default', 'Estado. Masas de agua superf. río muy mod.-artif. Ind. biológicos'),('52', '36', 'default', 'Punto control intrusión red operativa'),('52', '163', 'default', 'Presiones. Evaluación masas agua subt. Presión global difusa'),('52', '134', 'default', 'Zonas protegidas. Zonas sensibles río'),('52', '77', 'default', 'Estado. Masas de agua superf. transición. Estado ecológico'),('52', '15', 'default', 'Medidas PHJ09. 11-Otras med.: medidas protección agua potable -ETAP- -Inv. mill. eur.-'),('52', '68', 'default', 'Objetivos medioamb. Masas de agua sup. río. Horizonte global'),('52', '168', 'default', 'Presiones. Evaluación masas agua sup. transición. Presión global puntual'),('52', '148', 'default', 'Zonas protegidas. Abastecimiento azud'),('52', '89', 'default', 'Estado. Masas de agua superf. costera natural. Estado global'),('52', '132', 'default', 'Zonas protegidas. Zonas vulnerables'),('52', '129', 'default', 'Zonas afectadas por nitratos. Aguas superficiales poligonales - Art.5'),('52', '228', 'default', 'Masas de agua superficial red Río'),('52', '65', 'default', 'Objetivos medioamb. Masas de agua sup. costera. Horizonte global'),('52', '190', 'default', 'Unidades de demanda industrial'),('52', '178', 'default', 'Presiones. Evaluación masas agua sup. lago. Presión global otras'),('52', '112', 'default', 'Estado. Masas de agua superf. embalse. Estado químico'),('52', '85', 'default', 'Estado. Masas de agua superf. costera muy mod. Estado químico'),('52', '73', 'default', 'Estado. Masas de agua subterránea. Estado cuantitativo'),('52', '7', 'default', 'Medidas PHJ09. 15-Otras med.: medidas estruct. defensa inund. -Otros-barrancos- -Inv. mill. eur.-'),('52', '11', 'default', 'Medidas PHJ09. 14-Otras med.: medidas tratam. aguas resid. industriales -EDAR- -Inv. mill. eur.-'),('52', '192', 'default', 'Unidades de demanda agrícola PHJ 2009. Origen agua'),('52', '42', 'default', 'Punto control calidad sup. programa vigilancia'),('52', '210', 'default', 'PATRICAL. 40-08. Infiltración total anual -mm-año-'),('52', '57', 'default', 'Estación aforo ROEA actual canales'),('52', '111', 'default', 'Estado. Masas de agua superf. embalse. Estado ecológico'),('52', '120', 'default', 'Estado. Masas de agua superf. río muy mod.-artif. Ind. físico-químicos'),('52', '79', 'default', 'Estado. Masas de agua superf. transición. Ind. biológicos'),('52', '231', 'default', 'Embalses'),('52', '17', 'default', 'Medidas PHJ09. 08.4-Cant. agua: increm. recursos no conv. reutilización -EDAR- -Inv. mill. eur.-'),('52', '71', 'default', 'Estado. Masas de agua subterránea. Estado global'),('52', '162', 'default', 'Presiones. Evaluación masas agua subt. Presión global extracción'),('52', '170', 'default', 'Presiones. Evaluación masas agua sup. transición. Presión global hidrológica'),('52', '137', 'default', 'Zonas protegidas. Dir. hábitat LIC'),('52', '26', 'default', 'Medidas PHJ09. 06-Hidromorf: mejora otras cond. hidromorf. -Otros-puntos- -Inv. mill. eur.-'),('52', '161', 'default', 'Presiones. Evaluación masas agua subt. Presión global intrusión'),('52', '196', 'default', 'Unidades de demanda urbana'),('52', '10', 'default', 'Medidas PHJ09. 15-Otras med.: medidas estruct. defensa inund. -Canales- -Inv. mill. eur.-'),('52', '202', 'default', 'PATRICAL. 80-08. Escorrentía total anual -mm-año-');
INSERT INTO owgvgeoportal.capas_servicio_web (id_capa_servicio_web, nombre_capa, estilo_capa, titulo_capa) VALUES ('52', '14', 'default', 'Medidas PHJ09. 12-Otras med.: invest. y mejora conocimiento -M. A. Subt.- -Inv. mill. eur.-'),('52', '151', 'default', 'Zonas protegidas. Abastecimiento desaladora'),('52', '150', 'default', 'Zonas protegidas. Abastecimiento manantial'),('52', '242', 'default', 'Costa'),('52', '144', 'default', 'Zonas protegidas. R. naturales fluviales'),('52', '49', 'default', 'Piezómetros red básica'),('52', '59', 'default', 'Estación aforo ROEA actual'),('52', '226', 'default', 'Masas de agua superficial Transición'),('52', '19', 'default', 'Medidas PHJ09. 08.3-Cant. agua: increm. recursos conv. -Otros-puntos- -Inv. mill. eur.-'),('52', '241', 'default', 'Límite CHJ'),('52', '38', 'default', 'Punto control calidad subt. programa vigilancia'),('52', '184', 'default', 'Presiones. Evaluación masas agua sup. río. Presión global otras'),('52', '142', 'default', 'Zonas protegidas. U. rec. marítimo'),('52', '24', 'default', 'Medidas PHJ09. 07-Hidromorf: mejora regimen caudales -Lagos y embalses- -Inv. mill. eur.-'),('52', '193', 'default', 'Unidades de demanda agrícola PHJ 2009'),('52', '238', 'default', 'Provincias'),('52', '113', 'default', 'Estado. Masas de agua superf. embalse. Ind. biológicos'),('52', '2', 'default', 'Navegación. Restricciones en embalses'),('52', '157', 'default', 'Vertidos. Censo de vertidos con autorización'),('52', '83', 'default', 'Estado. Masas de agua superf. costera muy mod. Estado global'),('52', '164', 'default', 'Presiones. Evaluación masas agua subt. Presión global puntual'),('52', '201', 'default', 'PATRICAL. 80-08. Infiltración total anual -mm-año-'),('52', '123', 'default', 'Estado. Masas de agua superf. río natural. Estado ecológico'),('52', '187', 'default', 'Zonas agrarias'),('52', '55', 'default', 'Estación aforo Albufera'),('52', '203', 'default', 'PATRICAL. 80-08. Temperatura media anual'),('52', '153', 'default', 'Punto control caudales ecológicos'),('52', '22', 'default', 'Medidas PHJ09. 08.2-Cant. agua: mejora eficiencia abast. urbano e ind. -UDU- -Inv. mill. eur.-'),('52', '171', 'default', 'Presiones. Evaluación masas agua sup. transición. Presión global morfológica'),('52', '106', 'default', 'Estado. Masas de agua superf. lago natural. Ind. físico-químicos'),('52', '204', 'default', 'PATRICAL. 80-08. Precipitación total anual -mm-año-'),('52', '143', 'default', 'Zonas protegidas. Zonas protección especial'),('52', '114', 'default', 'Estado. Masas de agua superf. embalse. Ind. físico-químicos'),('52', '217', 'default', 'PATRICAL. 40-08. Aportación acumulada a la red fluvial principal -hm3-año-'),('52', '160', 'default', 'Presiones. Evaluación masas agua subt. Presión global recarga artif.'),('52', '12', 'default', 'Medidas PHJ09. 12-Otras med.: invest. y mejora conocimiento -Otros-puntos- -Inv. mill. eur.-'),('52', '100', 'default', 'Estado. Masas de agua superf. lago muy mod. Ind. físico-químicos'),('52', '93', 'default', 'Estado. Masas de agua superf. costera natural. Ind. físico-químicos'),('52', '131', 'default', 'Zonas afectadas por nitratos. Aguas subterráneas - Art.5'),('52', '29', 'default', 'Medidas PHJ09. 05-Hidromorf: mejora continuidad longitudinal -Ríos- -Inv. mill. eur.-'),('52', '141', 'default', 'Zonas protegidas. U. rec. continental río'),('52', '177', 'default', 'Presiones. Evaluación masas agua sup. lago. Presión global morfológica'),('52', '176', 'default', 'Presiones. Evaluación masas agua sup. lago. Presión global hidrológica'),('52', '147', 'default', 'Zonas protegidas. Abastecimiento embalse'),('52', '91', 'default', 'Estado. Masas de agua superf. costera natural. Estado químico'),('52', '23', 'default', 'Medidas PHJ09. 08.1-Cant. agua: mejora eficiencia regadío -UDA- -Inv. mill. eur.-'),('52', '175', 'default', 'Presiones. Evaluación masas agua sup. lago. Presión global difusa'),('52', '86', 'default', 'Estado. Masas de agua superf. costera muy mod. Ind. biológicos'),('52', '110', 'default', 'Estado. Masas de agua superf. embalse. Estado global'),('52', '39', 'default', 'Punto control calidad subt. programa operativo'),('52', '92', 'default', 'Estado. Masas de agua superf. costera natural. Ind. biológicos');
INSERT INTO owgvgeoportal.capas_servicio_web (id_capa_servicio_web, nombre_capa, estilo_capa, titulo_capa) VALUES ('52', '122', 'default', 'Estado. Masas de agua superf. río natural. Estado global'),('52', '149', 'default', 'Zonas protegidas. Abastecimiento pozo'),('52', '219', 'default', 'Sistemas de explotación'),('52', '145', 'default', 'Zonas protegidas. E. acuáticas moluscos'),('52', '240', 'default', 'Demarcación hidrográfica'),('52', '16', 'default', 'Medidas PHJ09. 08.5-Cant. agua: increm. recursos no conv. desalación -Desaladoras- -Inv. mill. eur.-'),('52', '67', 'default', 'Objetivos medioamb. Masas de agua sup. lago. Horizonte global'),('52', '232', 'default', 'Presas'),('52', '8', 'default', 'Medidas PHJ09. 15-Otras med.: medidas estruct. defensa inund. -Otros-puntos- -Inv. mill. eur.-'),('52', '76', 'default', 'Estado. Masas de agua superf. transición. Estado global'),('52', '118', 'default', 'Estado. Masas de agua superf. río muy mod.-artif. Estado químico'),('52', '84', 'default', 'Estado. Masas de agua superf. costera muy mod. Estado ecológico'),('52', '54', 'default', 'Hidrometría red operativa'),('52', '58', 'default', 'Estación aforo ROEA actual ríos'),('52', '206', 'default', 'PATRICAL. 80-08. Evapotranspiración potencial total anual -ETP- -mm-año-'),('52', '169', 'default', 'Presiones. Evaluación masas agua sup. transición. Presión global difusa'),('52', '4', 'default', 'Navegación. Obstáculos y singularidades'),('52', '20', 'default', 'Medidas PHJ09. 08.3-Cant. agua: increm. recursos conv. -Canales- -Inv. mill. eur.-'),('52', '133', 'default', 'Zonas protegidas. Zonas sensibles poligono'),('52', '37', 'default', 'Punto control calidad subt. programa zonas protegidas'),('52', '48', 'default', 'Piezómetros red operativa'),('52', '66', 'default', 'Objetivos medioamb. Masas de agua sup. transición. Horizonte global'),('52', '195', 'default', 'Unidades de demanda urbana. Tipo'),('52', '239', 'default', 'Comunidades autónomas'),('52', '222', 'default', 'Masas de agua subterránea'),('52', '235', 'default', 'Subcuencas hidrográficas clasificadas'),('52', '138', 'default', 'Zonas protegidas. Zonas húmedas Ramsar'),('52', '98', 'default', 'Estado. Masas de agua superf. lago muy mod. Estado químico'),('52', '213', 'default', 'PATRICAL. 40-08. Precipitación total anual -mm-año-'),('52', '60', 'default', 'Estación aforo ROEA'),('52', '225', 'default', 'Masas de agua superficial Lago'),('52', '237', 'default', 'Municipios'),('52', '125', 'default', 'Estado. Masas de agua superf. río natural. Ind. biológicos'),('52', '90', 'default', 'Estado. Masas de agua superf. costera natural. Estado ecológico'),('52', '103', 'default', 'Estado. Masas de agua superf. lago natural. Estado ecológico'),('52', '105', 'default', 'Estado. Masas de agua superf. lago natural. Ind. biológicos'),('52', '181', 'default', 'Presiones. Evaluación masas agua sup. río. Presión global difusa'),('52', '135', 'default', 'Zonas protegidas. Aguas minerales termales'),('52', '104', 'default', 'Estado. Masas de agua superf. lago natural. Estado químico'),('52', '21', 'default', 'Medidas PHJ09. 08.3-Cant. agua: increm. recursos conv. -ETAP- -Inv. mill. eur.-'),('52', '35', 'default', 'Punto control intrusión todas las redes'),('52', '3', 'default', 'Navegación. Restricciones en ríos'),('52', '80', 'default', 'Estado. Masas de agua superf. transición. Ind. físico-químicos'),('52', '117', 'default', 'Estado. Masas de agua superf. río muy mod.-artif. Estado ecológico'),('52', '116', 'default', 'Estado. Masas de agua superf. río muy mod.-artif. Estado global'),('52', '146', 'default', 'Zonas protegidas. E. acuáticas peces'),('52', '28', 'default', 'Medidas PHJ09. 06-Hidromorf: mejora otras cond. hidromorf. -Ríos- -Inv. mill. eur.-'),('52', '212', 'default', 'PATRICAL. 40-08. Temperatura media anual'),('52', '99', 'default', 'Estado. Masas de agua superf. lago muy mod. Ind. biológicos'),('53', '0', 'default', 'Riqueza de especies'),('54', '0', 'default', 'Inventario Nacional Espacios Naturales Protegidos');
INSERT INTO owgvgeoportal.capas_servicio_web (id_capa_servicio_web, nombre_capa, estilo_capa, titulo_capa) VALUES ('55', '0', 'default', 'Humedales'),('56', '0', 'default', 'Lugar de Importancia Comunitaria (LIC) y Zona de Especial Protección para las Aves (ZEPA)'),('57', '0', 'default', 'Erosión Eólica'),('58', '0', 'default', 'Erosión Laminar (raster)  tm/ha/año'),('59', '0', 'default', 'Erosión Potencial'),('60', '0', 'default', 'Humedales Ramsar'),('61', '0', 'default', 'OSPAR'),('62', '0', 'default', 'Reservas de la Biosfera'),('63', '0', 'default', 'ZEPIM'),('64', '0', 'default', 'Mapa Forestal de España'),('65', '0', 'default', 'Vías Pecuarias'),('66', '0', 'default', 'Abrevaderos'),('67', '0', 'default', 'Descansaderos'),('68', '0', 'default', 'Titularidad de los montes'),('69', '0', 'default', 'Inventario Nacional Espacios Naturales Protegidos'),('70', '0', 'Inventario Nacional de Paisaje', 'Inventario Nacional de Paisaje'),('71', '0', 'default', 'Región de procedencia'),('72', 'ORTOFOTOS_2010', 'Default', 'Ortofotos 2010'),('72', 'RECINTO', 'Default', 'Recintos'),('72', 'ORTOFOTOS_2012', 'Default', 'Ortofotos 2012'),('72', 'ARBOLES', 'Default', 'Arboles'),('72', 'ORTOFOTOS_2014', 'Default', 'Ortofotos 2014'),('72', 'PARCELA', 'Default', 'Parcelas'),('72', 'ORTOFOTOS', 'Default', 'Ortofotos'),('72', 'ORTOFOTOS_2013', 'Default', 'Ortofotos 2013'),('72', 'ORTOFOTOS_2011', 'Default', 'Ortofotos 2011'),('73', '2', 'default', 'Contactos y Fallas Comunidad Valenciana'),('73', '0', 'default', 'Litologias color Comunidad Valenciana'),('73', '1', 'default', 'Litologias tramas Comunidad Valenciana'),('73', '3', 'default', 'Estructuras de plegamiento Comunidad Valenciana'),('74', '1', 'default', 'QAFI v.2.0 traces 21-12-2011'),('74', '0', 'default', 'Faults from the Neotectonic Map of Spain'),('75', '0', 'default', 'Permeabilidad'),('76', '0', 'default', 'Hidrogeología'),('77', '1', 'default', 'Contactos y fracturas'),('77', '0', 'default', 'Litoestratigrafía'),('77', '2', 'default', 'Estructuras'),('78', '2010', 'default', '2010'),('78', '2009_1', 'default', '2009 1'),('78', 'wfs_all', 'default', 'wfs all'),('79', '2008', 'default', '2008'),('79', '2009', 'default', '2009'),('80', '2002', 'default', '2002'),('80', '1997', 'default', '1997'),('80', '2000', 'default', '2000'),('80', '1996', 'default', '1996'),('81', '1996', 'default', '1996'),('81', '1997', 'default', '1997'),('81', '2002', 'default', '2002'),('81', '2000', 'default', '2000'),('82', 'eepp_reservas_naturales', 'default', 'Reservas Naturales');
INSERT INTO owgvgeoportal.capas_servicio_web (id_capa_servicio_web, nombre_capa, estilo_capa, titulo_capa) VALUES ('82', 'eepp_patrimonio_mundial_unesco_palmeral', 'default', 'Palmeral de Elche'),('82', 'eepp_mon_naturales_amortiguacion', 'default', 'Zona de Amortiguación de impactos en los Monumentos Naturales'),('82', 'eepp_zepim', 'default', 'Zonas Especialmente Protegidas de Importancia para el Mediterráneo'),('82', 'eepp_ramsar', 'default', 'Zonas Húmedas de Importancia Internacional'),('82', 'incorpora_accion_territorial', 'default', 'Incorporaciones - Planes de Acción Territorial'),('82', 'incorpora_planes_sectoriales', 'default', 'Incorporaciones - Planes Sectoriales'),('82', 'eepp_zonas_humedas', 'default', 'Zonas Húmedas Catalogadas'),('82', 'incorpora_planes_urbanisticos', 'default', 'Incorporaciones - Planes Urbanísticos'),('82', 'eepp_monumentos_naturales', 'default', 'Monumentos Naturales'),('82', 'fore_patfor_terreno_forest_estrateg', 'default', 'Terreno forestal Estratégico - PATFOR'),('82', 'eepp_paisajes_protegidos', 'default', 'Paisajes Protegidos'),('82', 'eepp_parajes_municipales', 'default', 'Parajes Naturales Municipales'),('82', 'eepp_parques_naturales', 'default', 'Parques Naturales'),('82', 'eepp_patrimonio_mundial_unesco_lonja', 'default', 'Lonja de la Seda de Valencia'),('82', 'eepp_zepas', 'default', 'Zonas de Especial Protección para las Aves'),('82', 'eepp_zonas_humedas_influencia', 'default', 'Zona de Protección Zonas Húmedas'),('82', 'eepp_patrimonio_mundial_unesco_rupestre', 'default', 'Arte Rupestre del Arco Mediterráneo de la Península Ibérica'),('82', 'eepp_cuevas_municipios', 'default', 'Cavidades subterráneas catalogadas - Municipios'),('82', 'fore_g1_montes_catalogados', 'default', 'Montes Catalogados'),('82', 'eepp_lics', 'default', 'Lugares de Interés Comunitario'),('83', 'AU.AdministrativeBoundary', 'LimitesAdministrativos', 'Límite administrativo'),('84', 'ortoactualidad', '', 'Ortofoto actual 2012'),('85', 'ComuRedCV05', 'default', 'Red de comunicaciones - Xarxa de comunicacions'),('85', 'ConsPuntualesCV05', 'default', 'Construcciones puntuales - Construccions puntuals'),('85', 'ConsPoligonalesCV05', 'default', 'Construcciones - Construccions'),('85', 'CallesCartociudad', 'default', 'CallesCartociudad'),('85', 'UsosHidrografiaCV05', 'default', 'Hidrografía - Hidrografia'),('85', 'LimitesAdministrativos', 'default', 'Límite municipal - Límit municipal'),('85', 'LimitesUrbanosCV05', 'default', 'Entornos urbanos - Entorns urbans'),('85', 'OrogcurvasCV05', 'default', 'Curvas de nivel - Corbes de nivell'),('85', 'UsosServiciosInstalacionesCV05', 'default', 'Servicios e Instalaciones - Serveis i Instal·lacions'),('85', 'HidrolinealCV05', 'default', 'Hidrografía lineal - Hidrografia lineal'),('85', 'OrogpuntosCV05', 'default', 'Puntos de cota - Punts de cota'),('85', 'OroglineasCV05', 'default', 'Orografía líneas - Orografia línies'),('85', 'UsosCarreterasCV05', 'default', 'Infraestructuras viarias - Infraestructures viàries'),('85', 'ZonasArboladasCV05', 'default', 'Zonas arboladas - Zones amb arbres'),('85', 'UsosCultivosCV05', 'default', 'Cultivos - Cultius'),('85', 'ConsEdifCV05', 'default', 'Edificaciones - Edificacions'),('85', 'ConsServinstCV05', 'default', 'Servicios e instalaciones - Serveis i instal·lacions'),('85', 'ConsLinealesCV05', 'default', 'Construcciones lineales - Construccions lineals'),('85', 'PortalesCartociudad', 'default', 'PortalesCartociudad'),('85', 'HidropuntualCV05', 'default', 'Hidrografía lineal - Hidrografia lineal');

INSERT INTO owgvgeoportal.databasechangelog (ID, AUTHOR, FILENAME, DATEEXECUTED, ORDEREXECUTED, MD5SUM, DESCRIPTION, COMMENTS, EXECTYPE, CONTEXTS, LABELS, LIQUIBASE) VALUES ('terrasit-capas_servicio_web-v000', 'omorro', 'db.changelog-v000-terrasit-data.xml', NOW(), 47, '7:d85bef788716468ea9716388f40edcab', 'loadData', '', 'EXECUTED', NULL, NULL, '3.4.0');

-- Changeset db.changelog-v000-terrasit-data.xml::terrasit-coordenadas_servicio_web-v000::omorro
INSERT INTO owgvgeoportal.coordenadas_servicio_web (servicios_web, coordenadas) VALUES ('1', '1'),('1', '2'),('1', '6'),('1', '7'),('2', '2'),('2', '4'),('2', '6'),('3', '2'),('3', '4'),('3', '6'),('4', '2'),('4', '4'),('4', '6'),('5', '7'),('5', '5'),('5', '6'),('5', '4'),('5', '2'),('5', '1'),('6', '1'),('6', '2'),('6', '6'),('6', '7'),('7', '7'),('7', '4'),('7', '2'),('7', '6'),('8', '6'),('8', '2'),('8', '4'),('9', '4'),('9', '2'),('9', '7'),('9', '6'),('10', '7'),('10', '6'),('10', '2'),('10', '4'),('11', '2'),('11', '6'),('11', '4'),('12', '6'),('12', '4'),('12', '2'),('13', '2'),('13', '5'),('13', '4'),('13', '6'),('13', '7'),('14', '6');
INSERT INTO owgvgeoportal.coordenadas_servicio_web (servicios_web, coordenadas) VALUES ('14', '1'),('14', '3'),('14', '5'),('14', '2'),('14', '4'),('15', '2'),('15', '3'),('15', '4'),('15', '5'),('15', '6'),('16', '2'),('16', '3'),('16', '4'),('16', '5'),('16', '6'),('17', '2'),('17', '3'),('17', '4'),('17', '5'),('17', '6'),('18', '2'),('18', '3'),('18', '4'),('18', '5'),('18', '6'),('19', '2'),('19', '4'),('19', '6'),('20', '2'),('20', '4'),('20', '6'),('21', '2'),('21', '4'),('21', '6'),('22', '2'),('22', '4'),('22', '6'),('23', '2'),('23', '4'),('23', '6'),('24', '2'),('24', '4'),('24', '6'),('25', '2'),('25', '4'),('25', '6'),('26', '2'),('26', '4'),('26', '6'),('27', '2'),('27', '4');
INSERT INTO owgvgeoportal.coordenadas_servicio_web (servicios_web, coordenadas) VALUES ('27', '6'),('28', '2'),('28', '4'),('28', '6'),('29', '2'),('29', '4'),('29', '6'),('30', '6'),('30', '2'),('30', '4'),('31', '4'),('31', '6'),('31', '2'),('32', '4'),('32', '6'),('32', '2'),('33', '2'),('33', '6'),('33', '4'),('34', '2'),('34', '4'),('34', '6'),('35', '2'),('35', '6'),('35', '4'),('36', '2'),('36', '6'),('37', '6'),('37', '2'),('37', '4'),('38', '2'),('38', '6'),('38', '4'),('39', '2'),('39', '4'),('39', '6'),('40', '6'),('40', '2'),('40', '4'),('41', '4'),('41', '2'),('41', '6'),('42', '4'),('42', '2'),('42', '6'),('43', '2'),('43', '6'),('43', '4'),('44', '4'),('44', '2'),('44', '6');
INSERT INTO owgvgeoportal.coordenadas_servicio_web (servicios_web, coordenadas) VALUES ('45', '2'),('45', '6'),('45', '4'),('46', '6'),('46', '5'),('46', '1'),('46', '2'),('46', '4'),('46', '3'),('47', '6'),('47', '2'),('47', '4'),('48', '6'),('48', '4'),('48', '2'),('49', '7'),('49', '4'),('49', '6'),('49', '2'),('50', '4'),('50', '7'),('50', '2'),('50', '6'),('51', '7'),('51', '4'),('51', '2'),('51', '6'),('52', '6'),('52', '2'),('53', '4'),('53', '5'),('53', '1'),('53', '2'),('53', '6'),('53', '3'),('54', '5'),('54', '6'),('54', '1'),('54', '3'),('54', '4'),('54', '2'),('55', '4'),('55', '5'),('55', '2'),('55', '6'),('55', '1'),('55', '3'),('56', '3'),('56', '1'),('56', '5'),('56', '6');
INSERT INTO owgvgeoportal.coordenadas_servicio_web (servicios_web, coordenadas) VALUES ('56', '2'),('56', '4'),('57', '6'),('57', '4'),('57', '5'),('57', '3'),('57', '2'),('57', '1'),('58', '1'),('58', '3'),('58', '2'),('58', '6'),('58', '5'),('58', '4'),('59', '2'),('59', '6'),('59', '4'),('59', '5'),('59', '3'),('59', '1'),('60', '2'),('60', '1'),('60', '5'),('60', '4'),('60', '6'),('60', '3'),('61', '2'),('61', '4'),('61', '6'),('61', '5'),('61', '3'),('61', '1'),('62', '2'),('62', '3'),('62', '6'),('62', '5'),('62', '1'),('62', '4'),('63', '1'),('63', '4'),('63', '2'),('63', '3'),('63', '6'),('63', '5'),('64', '5'),('64', '4'),('64', '3'),('64', '6'),('64', '2'),('64', '1'),('65', '4');
INSERT INTO owgvgeoportal.coordenadas_servicio_web (servicios_web, coordenadas) VALUES ('65', '6'),('65', '2'),('65', '1'),('65', '3'),('65', '5'),('66', '2'),('66', '4'),('66', '1'),('66', '3'),('66', '5'),('66', '6'),('67', '5'),('67', '4'),('67', '6'),('67', '3'),('67', '1'),('67', '2'),('68', '5'),('68', '2'),('68', '3'),('68', '1'),('68', '6'),('68', '4'),('69', '1'),('69', '2'),('69', '6'),('69', '5'),('69', '4'),('69', '3'),('70', '2'),('70', '6'),('70', '3'),('70', '5'),('70', '1'),('70', '4'),('71', '2'),('71', '1'),('71', '6'),('71', '5'),('71', '3'),('71', '4'),('72', '1'),('72', '4'),('72', '3'),('72', '6'),('72', '5'),('72', '2'),('73', '2'),('73', '4'),('73', '5'),('74', '6');
INSERT INTO owgvgeoportal.coordenadas_servicio_web (servicios_web, coordenadas) VALUES ('74', '5'),('74', '4'),('74', '2'),('74', '3'),('75', '2'),('75', '3'),('75', '4'),('75', '5'),('75', '6'),('76', '2'),('76', '3'),('76', '4'),('76', '5'),('76', '6'),('77', '2'),('77', '3'),('77', '4'),('77', '5'),('77', '6'),('78', '2'),('78', '4'),('78', '6'),('79', '2'),('79', '4'),('79', '6'),('80', '2'),('80', '4'),('80', '6'),('81', '2'),('81', '4'),('81', '6'),('82', '2'),('82', '4'),('82', '6'),('83', '1'),('83', '2'),('83', '3'),('83', '4'),('83', '5'),('83', '6'),('84', '1'),('84', '2'),('84', '6'),('84', '7'),('85', '1'),('85', '2'),('85', '4'),('85', '6'),('85', '7');

INSERT INTO owgvgeoportal.databasechangelog (ID, AUTHOR, FILENAME, DATEEXECUTED, ORDEREXECUTED, MD5SUM, DESCRIPTION, COMMENTS, EXECTYPE, CONTEXTS, LABELS, LIQUIBASE) VALUES ('terrasit-coordenadas_servicio_web-v000', 'omorro', 'db.changelog-v000-terrasit-data.xml', NOW(), 48, '7:ef44756b500d3049d9a1bd38ac9aa8b8', 'loadData', '', 'EXECUTED', NULL, NULL, '3.4.0');

-- Changeset db.changelog-v000-terrasit-data.xml::terrasit-agrupador_capa_geo_portales-v000::omorro
INSERT INTO owgvgeoportal.agrupador_capa_geo_portales (geo_portal, agrupador_capa) VALUES ('1', '1'),('1', '2'),('1', '3'),('1', '4'),('1', '5'),('1', '6'),('1', '7'),('1', '8'),('1', '9'),('1', '10'),('1', '11'),('1', '12');

INSERT INTO owgvgeoportal.databasechangelog (ID, AUTHOR, FILENAME, DATEEXECUTED, ORDEREXECUTED, MD5SUM, DESCRIPTION, COMMENTS, EXECTYPE, CONTEXTS, LABELS, LIQUIBASE) VALUES ('terrasit-agrupador_capa_geo_portales-v000', 'omorro', 'db.changelog-v000-terrasit-data.xml', NOW(), 49, '7:c5ec2a6d12a34b7ac2def780221692ae', 'loadData', '', 'EXECUTED', NULL, NULL, '3.4.0');

-- Changeset db.changelog-v000-terrasit-data.xml::terrasit-componentes-v000::lalonso
INSERT INTO owgvgeoportal.componentes (id, tipo, geo_portal, version) VALUES ('1', 'ver_toc', '1', '0'),('2', 'regla_zoom', '1', '0'),('3', 'historico_de_encuadres', '1', '0'),('4', 'zoom_extension', '1', '0'),('5', 'zoom_ventana', '1', '0'),('6', 'escala_grafica', '1', '0'),('7', 'visualizar_coordenadas', '1', '0'),('8', 'anyadir_grupo_capas', '1', '0'),('9', 'leyenda', '1', '0'),('10', 'control_transparencia', '1', '0'),('11', 'herramientas_propiedades_capas', '1', '0'),('12', 'ir_coordenadas', '1', '0'),('13', 'calcular_distancia', '1', '0'),('14', 'calcular_area', '1', '0'),('15', 'informacion_capas', '1', '0'),('16', 'imprimir', '1', '0'),('17', 'callejero', '1', '0'),('18', 'cargar_tematicos', '1', '0'),('19', 'cargar_tematicos', '1', '0'),('20', 'cargar_tematicos', '1', '0'),('21', 'cargar_tematicos', '1', '0'),('22', 'vistas_predefinidas', '1', '0'),('23', 'vistas_predefinidas', '1', '0'),('24', 'vistas_predefinidas', '1', '0'),('25', 'minimapa', '1', '0');

INSERT INTO owgvgeoportal.databasechangelog (ID, AUTHOR, FILENAME, DATEEXECUTED, ORDEREXECUTED, MD5SUM, DESCRIPTION, COMMENTS, EXECTYPE, CONTEXTS, LABELS, LIQUIBASE) VALUES ('terrasit-componentes-v000', 'lalonso', 'db.changelog-v000-terrasit-data.xml', NOW(), 50, '7:b07d5d6156324453054448238aaf82b6', 'loadData', '', 'EXECUTED', NULL, NULL, '3.4.0');

-- Changeset db.changelog-v000-terrasit-data.xml::terrasit-conf-capas-tematicas-v000::omorro
INSERT INTO owgvgeoportal.conf_capas_tematicas (id, grupo, nombre, version) VALUES ('18', '13', 'Imágenes históricas ICV', '0'),('19', '16', 'Medio Ambiente ', '0'),('20', '15', 'Ocupación del Suelo - Siose', '0'),('21', '14', 'Infraestructura verde', '0');

INSERT INTO owgvgeoportal.databasechangelog (ID, AUTHOR, FILENAME, DATEEXECUTED, ORDEREXECUTED, MD5SUM, DESCRIPTION, COMMENTS, EXECTYPE, CONTEXTS, LABELS, LIQUIBASE) VALUES ('terrasit-conf-capas-tematicas-v000', 'omorro', 'db.changelog-v000-terrasit-data.xml', NOW(), 51, '7:bf104e1cb921eeb01ef16915102c9d40', 'loadData', '', 'EXECUTED', NULL, NULL, '3.4.0');

-- Changeset db.changelog-v000-terrasit-data.xml::terrasit-conf-vistas-predefinidas-v000::omorro
INSERT INTO owgvgeoportal.conf_vistas_predefinidas (id, grupo, nombre, version) VALUES ('22', '17', 'Ortofoto', '0'),('23', '18', 'Sombras ', '0'),('24', '19', 'Topográfico', '0');

INSERT INTO owgvgeoportal.databasechangelog (ID, AUTHOR, FILENAME, DATEEXECUTED, ORDEREXECUTED, MD5SUM, DESCRIPTION, COMMENTS, EXECTYPE, CONTEXTS, LABELS, LIQUIBASE) VALUES ('terrasit-conf-vistas-predefinidas-v000', 'omorro', 'db.changelog-v000-terrasit-data.xml', NOW(), 52, '7:dac3ed0c3f653d43be14107e89c9e7a6', 'loadData', '', 'EXECUTED', NULL, NULL, '3.4.0');

-- Changeset db.changelog-v000-terrasit-data.xml::terrasit-conf-mini-mapa-v000::omorro
INSERT INTO owgvgeoportal.conf_mini_mapa (id, servicio_web, version) VALUES ('25', '83', '0');

INSERT INTO owgvgeoportal.databasechangelog (ID, AUTHOR, FILENAME, DATEEXECUTED, ORDEREXECUTED, MD5SUM, DESCRIPTION, COMMENTS, EXECTYPE, CONTEXTS, LABELS, LIQUIBASE) VALUES ('terrasit-conf-mini-mapa-v000', 'omorro', 'db.changelog-v000-terrasit-data.xml', NOW(), 53, '7:b5618b61cc72ec8618c78edf2abef5e3', 'loadData', '', 'EXECUTED', NULL, NULL, '3.4.0');

-- Changeset db.changelog-v000-terrasit-data.xml::terrasit-agrupador_capa_servicio_web-v000::lalonso
INSERT INTO owgvgeoportal.agrupador_capa_servicio_web (id, agrupador, servicio_web, version) VALUES ('1', '1', '1', '0'),('2', '1', '2', '0'),('3', '1', '3', '0'),('4', '1', '4', '0'),('5', '1', '5', '0'),('6', '1', '85', '0'),('7', '1', '7', '0'),('8', '1', '8', '0'),('9', '1', '9', '0'),('10', '1', '10', '0'),('11', '1', '11', '0'),('12', '1', '12', '0'),('13', '1', '13', '0'),('14', '1', '14', '0'),('15', '1', '15', '0'),('16', '1', '16', '0'),('17', '1', '17', '0'),('18', '1', '18', '0'),('19', '2', '19', '0'),('20', '2', '20', '0'),('21', '2', '21', '0'),('22', '2', '22', '0'),('23', '2', '23', '0'),('24', '2', '24', '0'),('25', '2', '25', '0'),('26', '2', '26', '0'),('27', '2', '27', '0'),('28', '2', '28', '0'),('29', '2', '29', '0'),('30', '2', '30', '0'),('31', '2', '31', '0'),('32', '3', '32', '0'),('33', '3', '33', '0'),('34', '3', '34', '0'),('35', '3', '35', '0'),('36', '3', '36', '0'),('37', '3', '37', '0'),('38', '3', '38', '0'),('39', '3', '39', '0'),('40', '3', '40', '0'),('41', '3', '41', '0'),('42', '3', '42', '0'),('43', '3', '43', '0'),('44', '3', '44', '0'),('45', '3', '45', '0'),('46', '4', '46', '0'),('47', '5', '47', '0'),('48', '6', '48', '0'),('49', '7', '49', '0'),('50', '8', '50', '0');
INSERT INTO owgvgeoportal.agrupador_capa_servicio_web (id, agrupador, servicio_web, version) VALUES ('51', '8', '51', '0'),('52', '9', '52', '0'),('53', '10', '53', '0'),('54', '10', '54', '0'),('55', '10', '55', '0'),('56', '10', '56', '0'),('57', '10', '57', '0'),('58', '10', '58', '0'),('59', '10', '59', '0'),('60', '10', '60', '0'),('61', '10', '61', '0'),('62', '10', '62', '0'),('63', '10', '63', '0'),('64', '10', '64', '0'),('65', '10', '65', '0'),('66', '10', '66', '0'),('67', '10', '67', '0'),('68', '10', '68', '0'),('69', '10', '69', '0'),('70', '10', '70', '0'),('71', '10', '71', '0'),('72', '11', '72', '0'),('73', '12', '73', '0'),('74', '12', '74', '0'),('75', '12', '75', '0'),('76', '12', '76', '0'),('77', '12', '77', '0'),('78', '13', '78', '0'),('79', '13', '79', '0'),('80', '13', '80', '0'),('81', '13', '81', '0'),('82', '14', '82', '0'),('83', '15', '2', '0'),('84', '15', '3', '0'),('85', '16', '36', '0'),('86', '16', '37', '0'),('87', '16', '41', '0'),('88', '16', '35', '0'),('89', '16', '39', '0'),('90', '16', '38', '0'),('91', '16', '34', '0'),('92', '16', '32', '0'),('93', '16', '42', '0'),('94', '17', '31', '0'),('95', '17', '5', '0'),('96', '18', '5', '0'),('97', '18', '1', '0'),('98', '19', '6', '0');

INSERT INTO owgvgeoportal.databasechangelog (ID, AUTHOR, FILENAME, DATEEXECUTED, ORDEREXECUTED, MD5SUM, DESCRIPTION, COMMENTS, EXECTYPE, CONTEXTS, LABELS, LIQUIBASE) VALUES ('terrasit-agrupador_capa_servicio_web-v000', 'lalonso', 'db.changelog-v000-terrasit-data.xml', NOW(), 54, '7:48709095a0e65e97df71ba922de4cdf9', 'loadData', '', 'EXECUTED', NULL, NULL, '3.4.0');

-- Changeset db.changelog-v000-terrasit-data.xml::terrasit-geoportal_servicio_web-v000::lalonso
INSERT INTO owgvgeoportal.geoportal_servicio_web (id, geoportal, servicio_web, opacidad, activo, habilitado, posicion, version) VALUES ('1', '1', '5', '1', 'TRUE', 'TRUE', '0', '0'),('2', '1', '84', '1', 'TRUE', 'TRUE', '3', '0'),('3', '1', '1', '1', 'FALSE', 'TRUE', '2', '0'),('4', '1', '6', '1', 'FALSE', 'TRUE', '1', '0');

INSERT INTO owgvgeoportal.databasechangelog (ID, AUTHOR, FILENAME, DATEEXECUTED, ORDEREXECUTED, MD5SUM, DESCRIPTION, COMMENTS, EXECTYPE, CONTEXTS, LABELS, LIQUIBASE) VALUES ('terrasit-geoportal_servicio_web-v000', 'lalonso', 'db.changelog-v000-terrasit-data.xml', NOW(), 55, '7:f6ed55f6c311973a42cc9cce55abf476', 'loadData', '', 'EXECUTED', NULL, NULL, '3.4.0');

-- Changeset db.changelog-v000-terrasit-data.xml::terrasit-data-recreate-sequencedemo::omorro
DROP SEQUENCE owgvgeoportal.hibernate_sequence CASCADE;

CREATE SEQUENCE owgvgeoportal.hibernate_sequence START WITH 2200;

INSERT INTO owgvgeoportal.databasechangelog (ID, AUTHOR, FILENAME, DATEEXECUTED, ORDEREXECUTED, MD5SUM, DESCRIPTION, COMMENTS, EXECTYPE, CONTEXTS, LABELS, LIQUIBASE) VALUES ('terrasit-data-recreate-sequencedemo', 'omorro', 'db.changelog-v000-terrasit-data.xml', NOW(), 56, '7:ae63b1e91e06637a473579b8ff9ba37f', 'dropSequence, createSequence', '', 'EXECUTED', NULL, NULL, '3.4.0');

-- Changeset db.changelog-v000-terrasit-data.xml::terrasit-data-tag::omorro
INSERT INTO owgvgeoportal.databasechangelog (ID, AUTHOR, FILENAME, DATEEXECUTED, ORDEREXECUTED, MD5SUM, DESCRIPTION, COMMENTS, EXECTYPE, CONTEXTS, LABELS, LIQUIBASE, TAG) VALUES ('terrasit-data-tag', 'omorro', 'db.changelog-v000-terrasit-data.xml', NOW(), 57, '7:2ad99a8431ff2e58630a2dddf5085026', 'tagDatabase', '', 'EXECUTED', NULL, NULL, '3.4.0', 'terrasit-data');

-- Release Database Lock
UPDATE owgvgeoportal.databasechangeloglock SET LOCKED = FALSE, LOCKEDBY = NULL, LOCKGRANTED = NULL WHERE ID = 1;
